Tarapacá;Camiña;2015;1.293
Tarapacá;Camiña;2016;1.278
Tarapacá;Camiña;2017;1.277
Tarapacá;Camiña;2018;1.272
Tarapacá;Camiña;2019;1.268
Tarapacá;Camiña;2020;1.262
Tarapacá;Colchane;2015;1.696
Tarapacá;Colchane;2016;1.688
Tarapacá;Colchane;2017;1.689
Tarapacá;Colchane;2018;1.682
Tarapacá;Colchane;2019;1.675
Tarapacá;Colchane;2020;1.671
Tarapacá;Huara;2015;2.936
Tarapacá;Huara;2016;2.943
Tarapacá;Huara;2017;2.966
Tarapacá;Huara;2018;2.984
Tarapacá;Huara;2019;2.983
Tarapacá;Huara;2020;2.991
Tarapacá;Iquique;2015;198.123
Tarapacá;Iquique;2016;199.629
Tarapacá;Iquique;2017;200.897
Tarapacá;Iquique;2018;201.948
Tarapacá;Iquique;2019;202.809
Tarapacá;Iquique;2020;203.439
Tarapacá;Pica;2015;6.639
Tarapacá;Pica;2016;6.653
Tarapacá;Pica;2017;6.650
Tarapacá;Pica;2018;6.652
Tarapacá;Pica;2019;6.648
Tarapacá;Pica;2020;6.645
Tarapacá;Pozo Almonte;2015;13.940
Tarapacá;Pozo Almonte;2016;14.156
Tarapacá;Pozo Almonte;2017;14.361
Tarapacá;Pozo Almonte;2018;14.562
Tarapacá;Pozo Almonte;2019;14.752
Tarapacá;Pozo Almonte;2020;14.936
Antofagasta;Antofagasta;2015;378.244
Antofagasta;Antofagasta;2016;384.065
Antofagasta;Antofagasta;2017;389.812
Antofagasta;Antofagasta;2018;395.453
Antofagasta;Antofagasta;2019;400.967
Antofagasta;Antofagasta;2020;406.362
Antofagasta;Calama;2015;176.459
Antofagasta;Calama;2016;179.200
Antofagasta;Calama;2017;181.897
Antofagasta;Calama;2018;184.543
Antofagasta;Calama;2019;187.129
Antofagasta;Calama;2020;189.654
Antofagasta;María Elena;2015;5.162
Antofagasta;María Elena;2016;5.000
Antofagasta;María Elena;2017;4.840
Antofagasta;María Elena;2018;4.680
Antofagasta;María Elena;2019;4.521
Antofagasta;María Elena;2020;4.371
Antofagasta;Mejillones;2015;11.309
Antofagasta;Mejillones;2016;11.541
Antofagasta;Mejillones;2017;11.754
Antofagasta;Mejillones;2018;11.977
Antofagasta;Mejillones;2019;12.192
Antofagasta;Mejillones;2020;12.403
Antofagasta;Ollagüe;2015;313
Antofagasta;Ollagüe;2016;311
Antofagasta;Ollagüe;2017;310
Antofagasta;Ollagüe;2018;306
Antofagasta;Ollagüe;2019;309
Antofagasta;Ollagüe;2020;305
Antofagasta;San Pedro de Atacama;2015;7.418
Antofagasta;San Pedro de Atacama;2016;7.626
Antofagasta;San Pedro de Atacama;2017;7.840
Antofagasta;San Pedro de Atacama;2018;8.052
Antofagasta;San Pedro de Atacama;2019;8.256
Antofagasta;San Pedro de Atacama;2020;8.476
Antofagasta;Sierra Gorda;2015;3.095
Antofagasta;Sierra Gorda;2016;3.151
Antofagasta;Sierra Gorda;2017;3.205
Antofagasta;Sierra Gorda;2018;3.258
Antofagasta;Sierra Gorda;2019;3.314
Antofagasta;Sierra Gorda;2020;3.359
Antofagasta;Taltal;2015;13.050
Antofagasta;Taltal;2016;13.174
Antofagasta;Taltal;2017;13.296
Antofagasta;Taltal;2018;13.396
Antofagasta;Taltal;2019;13.509
Antofagasta;Taltal;2020;13.601
Antofagasta;Tocopilla;2015;27.590
Antofagasta;Tocopilla;2016;27.807
Antofagasta;Tocopilla;2017;27.996
Antofagasta;Tocopilla;2018;28.180
Antofagasta;Tocopilla;2019;28.348
Antofagasta;Tocopilla;2020;28.507
Atacama;Alto del Carmen;2015;6.305
Atacama;Alto del Carmen;2016;6.412
Atacama;Alto del Carmen;2017;6.519
Atacama;Alto del Carmen;2018;6.624
Atacama;Alto del Carmen;2019;6.736
Atacama;Alto del Carmen;2020;6.829
Atacama;Caldera;2015;17.542
Atacama;Caldera;2016;17.830
Atacama;Caldera;2017;18.101
Atacama;Caldera;2018;18.369
Atacama;Caldera;2019;18.633
Atacama;Caldera;2020;18.888
Atacama;Chañaral;2015;13.725
Atacama;Chañaral;2016;13.698
Atacama;Chañaral;2017;13.660
Atacama;Chañaral;2018;13.621
Atacama;Chañaral;2019;13.563
Atacama;Chañaral;2020;13.511
Atacama;Copiapó;2015;172.231
Atacama;Copiapó;2016;175.524
Atacama;Copiapó;2017;178.788
Atacama;Copiapó;2018;181.962
Atacama;Copiapó;2019;185.116
Atacama;Copiapó;2020;188.189
Atacama;Diego de Almagro;2015;15.224
Atacama;Diego de Almagro;2016;14.939
Atacama;Diego de Almagro;2017;14.656
Atacama;Diego de Almagro;2018;14.360
Atacama;Diego de Almagro;2019;14.072
Atacama;Diego de Almagro;2020;13.785
Atacama;Freirina;2015;6.915
Atacama;Freirina;2016;6.992
Atacama;Freirina;2017;7.073
Atacama;Freirina;2018;7.160
Atacama;Freirina;2019;7.233
Atacama;Freirina;2020;7.306
Atacama;Huasco;2015;10.263
Atacama;Huasco;2016;10.429
Atacama;Huasco;2017;10.595
Atacama;Huasco;2018;10.768
Atacama;Huasco;2019;10.930
Atacama;Huasco;2020;11.093
Atacama;Tierra Amarilla;2015;17.194
Atacama;Tierra Amarilla;2016;17.530
Atacama;Tierra Amarilla;2017;17.857
Atacama;Tierra Amarilla;2018;18.190
Atacama;Tierra Amarilla;2019;18.500
Atacama;Tierra Amarilla;2020;18.816
Atacama;Vallenar;2015;53.087
Atacama;Vallenar;2016;53.338
Atacama;Vallenar;2017;53.550
Atacama;Vallenar;2018;53.747
Atacama;Vallenar;2019;53.907
Atacama;Vallenar;2020;54.046
Coquimbo;Andacollo;2015;11.415
Coquimbo;Andacollo;2016;11.488
Coquimbo;Andacollo;2017;11.555
Coquimbo;Andacollo;2018;11.619
Coquimbo;Andacollo;2019;11.677
Coquimbo;Andacollo;2020;11.734
Coquimbo;Canela;2015;9.903
Coquimbo;Canela;2016;9.914
Coquimbo;Canela;2017;9.911
Coquimbo;Canela;2018;9.895
Coquimbo;Canela;2019;9.883
Coquimbo;Canela;2020;9.864
Coquimbo;Combarbalá;2015;15.299
Coquimbo;Combarbalá;2016;15.379
Coquimbo;Combarbalá;2017;15.453
Coquimbo;Combarbalá;2018;15.528
Coquimbo;Combarbalá;2019;15.587
Coquimbo;Combarbalá;2020;15.649
Coquimbo;Coquimbo;2015;231.507
Coquimbo;Coquimbo;2016;236.799
Coquimbo;Coquimbo;2017;242.096
Coquimbo;Coquimbo;2018;247.386
Coquimbo;Coquimbo;2019;252.663
Coquimbo;Coquimbo;2020;257.931
Coquimbo;Illapel;2015;32.822
Coquimbo;Illapel;2016;32.887
Coquimbo;Illapel;2017;32.931
Coquimbo;Illapel;2018;32.955
Coquimbo;Illapel;2019;32.965
Coquimbo;Illapel;2020;32.964
Coquimbo;La Higuera;2015;4.622
Coquimbo;La Higuera;2016;4.686
Coquimbo;La Higuera;2017;4.727
Coquimbo;La Higuera;2018;4.793
Coquimbo;La Higuera;2019;4.843
Coquimbo;La Higuera;2020;4.893
Coquimbo;La Serena;2015;216.874
Coquimbo;La Serena;2016;221.021
Coquimbo;La Serena;2017;225.178
Coquimbo;La Serena;2018;229.318
Coquimbo;La Serena;2019;233.413
Coquimbo;La Serena;2020;237.433
Coquimbo;Los Vilos;2015;20.122
Coquimbo;Los Vilos;2016;20.259
Coquimbo;Los Vilos;2017;20.391
Coquimbo;Los Vilos;2018;20.508
Coquimbo;Los Vilos;2019;20.613
Coquimbo;Los Vilos;2020;20.723
Coquimbo;Monte Patria;2015;33.796
Coquimbo;Monte Patria;2016;33.952
Coquimbo;Monte Patria;2017;34.072
Coquimbo;Monte Patria;2018;34.180
Coquimbo;Monte Patria;2019;34.278
Coquimbo;Monte Patria;2020;34.365
Coquimbo;Ovalle;2015;120.469
Coquimbo;Ovalle;2016;121.868
Coquimbo;Ovalle;2017;123.239
Coquimbo;Ovalle;2018;124.556
Coquimbo;Ovalle;2019;125.832
Coquimbo;Ovalle;2020;127.072
Coquimbo;Paihuano;2015;4.492
Coquimbo;Paihuano;2016;4.492
Coquimbo;Paihuano;2017;4.506
Coquimbo;Paihuano;2018;4.507
Coquimbo;Paihuano;2019;4.509
Coquimbo;Paihuano;2020;4.503
Coquimbo;Punitaqui;2015;10.805
Coquimbo;Punitaqui;2016;10.868
Coquimbo;Punitaqui;2017;10.923
Coquimbo;Punitaqui;2018;10.965
Coquimbo;Punitaqui;2019;11.016
Coquimbo;Punitaqui;2020;11.058
Coquimbo;Río Hurtado;2015;4.992
Coquimbo;Río Hurtado;2016;4.997
Coquimbo;Río Hurtado;2017;4.992
Coquimbo;Río Hurtado;2018;4.977
Coquimbo;Río Hurtado;2019;4.974
Coquimbo;Río Hurtado;2020;4.957
Coquimbo;Salamanca;2015;27.298
Coquimbo;Salamanca;2016;27.410
Coquimbo;Salamanca;2017;27.511
Coquimbo;Salamanca;2018;27.605
Coquimbo;Salamanca;2019;27.671
Coquimbo;Salamanca;2020;27.738
Coquimbo;Vicuña;2015;26.669
Coquimbo;Vicuña;2016;26.781
Coquimbo;Vicuña;2017;26.874
Coquimbo;Vicuña;2018;26.948
Coquimbo;Vicuña;2019;27.015
Coquimbo;Vicuña;2020;27.069
Valparaíso;Algarrobo;2015;10.474
Valparaíso;Algarrobo;2016;10.588
Valparaíso;Algarrobo;2017;10.700
Valparaíso;Algarrobo;2018;10.820
Valparaíso;Algarrobo;2019;10.938
Valparaíso;Algarrobo;2020;11.032
Valparaíso;Cabildo;2015;20.117
Valparaíso;Cabildo;2016;20.137
Valparaíso;Cabildo;2017;20.135
Valparaíso;Cabildo;2018;20.129
Valparaíso;Cabildo;2019;20.129
Valparaíso;Cabildo;2020;20.113
Valparaíso;Calle Larga;2015;14.405
Valparaíso;Calle Larga;2016;14.712
Valparaíso;Calle Larga;2017;15.021
Valparaíso;Calle Larga;2018;15.329
Valparaíso;Calle Larga;2019;15.637
Valparaíso;Calle Larga;2020;15.947
Valparaíso;Cartagena;2015;20.213
Valparaíso;Cartagena;2016;20.396
Valparaíso;Cartagena;2017;20.563
Valparaíso;Cartagena;2018;20.733
Valparaíso;Cartagena;2019;20.890
Valparaíso;Cartagena;2020;21.036
Valparaíso;Casablanca;2015;28.831
Valparaíso;Casablanca;2016;29.333
Valparaíso;Casablanca;2017;29.826
Valparaíso;Casablanca;2018;30.316
Valparaíso;Casablanca;2019;30.805
Valparaíso;Casablanca;2020;31.296
Valparaíso;Catemu;2015;13.960
Valparaíso;Catemu;2016;14.062
Valparaíso;Catemu;2017;14.151
Valparaíso;Catemu;2018;14.229
Valparaíso;Catemu;2019;14.317
Valparaíso;Catemu;2020;14.389
Valparaíso;Concón;2015;48.778
Valparaíso;Concón;2016;50.154
Valparaíso;Concón;2017;51.533
Valparaíso;Concón;2018;52.938
Valparaíso;Concón;2019;54.356
Valparaíso;Concón;2020;55.805
Valparaíso;El Quisco;2015;13.093
Valparaíso;El Quisco;2016;13.359
Valparaíso;El Quisco;2017;13.641
Valparaíso;El Quisco;2018;13.917
Valparaíso;El Quisco;2019;14.191
Valparaíso;El Quisco;2020;14.479
Valparaíso;El Tabo;2015;10.116
Valparaíso;El Tabo;2016;10.351
Valparaíso;El Tabo;2017;10.592
Valparaíso;El Tabo;2018;10.839
Valparaíso;El Tabo;2019;11.095
Valparaíso;El Tabo;2020;11.346
Valparaíso;Hijuela;2015;18.050
Valparaíso;Hijuela;2016;18.143
Valparaíso;Hijuela;2017;18.212
Valparaíso;Hijuela;2018;18.277
Valparaíso;Hijuela;2019;18.340
Valparaíso;Hijuela;2020;18.400
Valparaíso;Isla de Pascua;2015;6.370
Valparaíso;Isla de Pascua;2016;6.600
Valparaíso;Isla de Pascua;2017;6.832
Valparaíso;Isla de Pascua;2018;7.077
Valparaíso;Isla de Pascua;2019;7.327
Valparaíso;Isla de Pascua;2020;7.582
Valparaíso;Juan Fernández;2015;857
Valparaíso;Juan Fernández;2016;863
Valparaíso;Juan Fernández;2017;871
Valparaíso;Juan Fernández;2018;880
Valparaíso;Juan Fernández;2019;889
Valparaíso;Juan Fernández;2020;896
Valparaíso;La Calera;2015;55.121
Valparaíso;La Calera;2016;55.343
Valparaíso;La Calera;2017;55.555
Valparaíso;La Calera;2018;55.748
Valparaíso;La Calera;2019;55.924
Valparaíso;La Calera;2020;56.067
Valparaíso;La Cruz;2015;19.145
Valparaíso;La Cruz;2016;19.667
Valparaíso;La Cruz;2017;20.189
Valparaíso;La Cruz;2018;20.721
Valparaíso;La Cruz;2019;21.255
Valparaíso;La Cruz;2020;21.790
Valparaíso;La Ligua;2015;33.878
Valparaíso;La Ligua;2016;33.883
Valparaíso;La Ligua;2017;33.884
Valparaíso;La Ligua;2018;33.865
Valparaíso;La Ligua;2019;33.839
Valparaíso;La Ligua;2020;33.803
Valparaíso;Limache;2015;45.398
Valparaíso;Limache;2016;45.709
Valparaíso;Limache;2017;46.022
Valparaíso;Limache;2018;46.320
Valparaíso;Limache;2019;46.598
Valparaíso;Limache;2020;46.870
Valparaíso;Llaillay;2015;24.680
Valparaíso;Llaillay;2016;24.826
Valparaíso;Llaillay;2017;24.955
Valparaíso;Llaillay;2018;25.095
Valparaíso;Llaillay;2019;25.209
Valparaíso;Llaillay;2020;25.331
Valparaíso;Los Andes;2015;68.041
Valparaíso;Los Andes;2016;68.401
Valparaíso;Los Andes;2017;68.734
Valparaíso;Los Andes;2018;69.048
Valparaíso;Los Andes;2019;69.345
Valparaíso;Los Andes;2020;69.609
Valparaíso;Nogales;2015;23.783
Valparaíso;Nogales;2016;23.859
Valparaíso;Nogales;2017;23.925
Valparaíso;Nogales;2018;23.984
Valparaíso;Nogales;2019;24.033
Valparaíso;Nogales;2020;24.079
Valparaíso;Olmué;2015;15.987
Valparaíso;Olmué;2016;16.075
Valparaíso;Olmué;2017;16.162
Valparaíso;Olmué;2018;16.241
Valparaíso;Olmué;2019;16.305
Valparaíso;Olmué;2020;16.374
Valparaíso;Panquehue;2015;7.333
Valparaíso;Panquehue;2016;7.361
Valparaíso;Panquehue;2017;7.387
Valparaíso;Panquehue;2018;7.410
Valparaíso;Panquehue;2019;7.427
Valparaíso;Panquehue;2020;7.438
Valparaíso;Papudo;2015;5.263
Valparaíso;Papudo;2016;5.310
Valparaíso;Papudo;2017;5.340
Valparaíso;Papudo;2018;5.369
Valparaíso;Papudo;2019;5.394
Valparaíso;Papudo;2020;5.417
Valparaíso;Petorca;2015;10.323
Valparaíso;Petorca;2016;10.351
Valparaíso;Petorca;2017;10.384
Valparaíso;Petorca;2018;10.405
Valparaíso;Petorca;2019;10.415
Valparaíso;Petorca;2020;10.432
Valparaíso;Puchuncaví;2015;17.762
Valparaíso;Puchuncaví;2016;18.115
Valparaíso;Puchuncaví;2017;18.484
Valparaíso;Puchuncaví;2018;18.842
Valparaíso;Puchuncaví;2019;19.213
Valparaíso;Puchuncaví;2020;19.572
Valparaíso;Putaendo;2015;16.391
Valparaíso;Putaendo;2016;16.469
Valparaíso;Putaendo;2017;16.533
Valparaíso;Putaendo;2018;16.592
Valparaíso;Putaendo;2019;16.648
Valparaíso;Putaendo;2020;16.702
Valparaíso;Quillota;2015;93.633
Valparaíso;Quillota;2016;94.749
Valparaíso;Quillota;2017;95.852
Valparaíso;Quillota;2018;96.948
Valparaíso;Quillota;2019;98.022
Valparaíso;Quillota;2020;99.063
Valparaíso;Quilpué;2015;168.070
Valparaíso;Quilpué;2016;170.853
Valparaíso;Quilpué;2017;173.617
Valparaíso;Quilpué;2018;176.377
Valparaíso;Quilpué;2019;179.109
Valparaíso;Quilpué;2020;181.831
Valparaíso;Quintero;2015;27.667
Valparaíso;Quintero;2016;28.124
Valparaíso;Quintero;2017;28.581
Valparaíso;Quintero;2018;29.035
Valparaíso;Quintero;2019;29.480
Valparaíso;Quintero;2020;29.931
Valparaíso;Rinconada;2015;10.396
Valparaíso;Rinconada;2016;10.703
Valparaíso;Rinconada;2017;11.028
Valparaíso;Rinconada;2018;11.347
Valparaíso;Rinconada;2019;11.681
Valparaíso;Rinconada;2020;12.013
Valparaíso;San Antonio;2015;96.764
Valparaíso;San Antonio;2016;97.136
Valparaíso;San Antonio;2017;97.481
Valparaíso;San Antonio;2018;97.780
Valparaíso;San Antonio;2019;98.054
Valparaíso;San Antonio;2020;98.299
Valparaíso;San Esteban;2015;18.480
Valparaíso;San Esteban;2016;18.765
Valparaíso;San Esteban;2017;19.043
Valparaíso;San Esteban;2018;19.320
Valparaíso;San Esteban;2019;19.588
Valparaíso;San Esteban;2020;19.859
Valparaíso;San Felipe;2015;73.842
Valparaíso;San Felipe;2016;74.337
Valparaíso;San Felipe;2017;74.812
Valparaíso;San Felipe;2018;75.259
Valparaíso;San Felipe;2019;75.696
Valparaíso;San Felipe;2020;76.103
Valparaíso;Santa María;2015;15.665
Valparaíso;Santa María;2016;15.836
Valparaíso;Santa María;2017;16.005
Valparaíso;Santa María;2018;16.171
Valparaíso;Santa María;2019;16.334
Valparaíso;Santa María;2020;16.489
Valparaíso;Santo Domingo;2015;9.299
Valparaíso;Santo Domingo;2016;9.432
Valparaíso;Santo Domingo;2017;9.552
Valparaíso;Santo Domingo;2018;9.673
Valparaíso;Santo Domingo;2019;9.789
Valparaíso;Santo Domingo;2020;9.906
Valparaíso;Valparaíso;2015;295.489
Valparaíso;Valparaíso;2016;295.731
Valparaíso;Valparaíso;2017;295.927
Valparaíso;Valparaíso;2018;296.004
Valparaíso;Valparaíso;2019;296.007
Valparaíso;Valparaíso;2020;295.916
Valparaíso;Villa Alemana;2015;138.348
Valparaíso;Villa Alemana;2016;141.729
Valparaíso;Villa Alemana;2017;145.139
Valparaíso;Villa Alemana;2018;148.580
Valparaíso;Villa Alemana;2019;152.035
Valparaíso;Villa Alemana;2020;155.527
Valparaíso;Viña del Mar;2015;323.530
Valparaíso;Viña del Mar;2016;325.195
Valparaíso;Viña del Mar;2017;326.760
Valparaíso;Viña del Mar;2018;328.241
Valparaíso;Viña del Mar;2019;329.616
Valparaíso;Viña del Mar;2020;330.898
Valparaíso;Zapallar;2015;6.205
Valparaíso;Zapallar;2016;6.223
Valparaíso;Zapallar;2017;6.244
Valparaíso;Zapallar;2018;6.256
Valparaíso;Zapallar;2019;6.268
Valparaíso;Zapallar;2020;6.274
Libertador General Bernardo O'Higgins;Chépica;2015;16.081
Libertador General Bernardo O'Higgins;Chépica;2016;16.196
Libertador General Bernardo O'Higgins;Chépica;2017;16.278
Libertador General Bernardo O'Higgins;Chépica;2018;16.362
Libertador General Bernardo O'Higgins;Chépica;2019;16.449
Libertador General Bernardo O'Higgins;Chépica;2020;16.496
Libertador General Bernardo O'Higgins;Chimbarongo;2015;37.424
Libertador General Bernardo O'Higgins;Chimbarongo;2016;37.660
Libertador General Bernardo O'Higgins;Chimbarongo;2017;37.876
Libertador General Bernardo O'Higgins;Chimbarongo;2018;38.065
Libertador General Bernardo O'Higgins;Chimbarongo;2019;38.223
Libertador General Bernardo O'Higgins;Chimbarongo;2020;38.350
Libertador General Bernardo O'Higgins;Codegua;2015;14.166
Libertador General Bernardo O'Higgins;Codegua;2016;14.392
Libertador General Bernardo O'Higgins;Codegua;2017;14.588
Libertador General Bernardo O'Higgins;Codegua;2018;14.787
Libertador General Bernardo O'Higgins;Codegua;2019;14.978
Libertador General Bernardo O'Higgins;Codegua;2020;15.143
Libertador General Bernardo O'Higgins;Coinco;2015;7.191
Libertador General Bernardo O'Higgins;Coinco;2016;7.217
Libertador General Bernardo O'Higgins;Coinco;2017;7.241
Libertador General Bernardo O'Higgins;Coinco;2018;7.261
Libertador General Bernardo O'Higgins;Coinco;2019;7.281
Libertador General Bernardo O'Higgins;Coinco;2020;7.286
Libertador General Bernardo O'Higgins;Coltauco;2015;19.703
Libertador General Bernardo O'Higgins;Coltauco;2016;19.894
Libertador General Bernardo O'Higgins;Coltauco;2017;20.078
Libertador General Bernardo O'Higgins;Coltauco;2018;20.251
Libertador General Bernardo O'Higgins;Coltauco;2019;20.412
Libertador General Bernardo O'Higgins;Coltauco;2020;20.558
Libertador General Bernardo O'Higgins;Doñihue;2015;20.318
Libertador General Bernardo O'Higgins;Doñihue;2016;20.499
Libertador General Bernardo O'Higgins;Doñihue;2017;20.677
Libertador General Bernardo O'Higgins;Doñihue;2018;20.838
Libertador General Bernardo O'Higgins;Doñihue;2019;20.981
Libertador General Bernardo O'Higgins;Doñihue;2020;21.119
Libertador General Bernardo O'Higgins;Graneros;2015;33.726
Libertador General Bernardo O'Higgins;Graneros;2016;34.212
Libertador General Bernardo O'Higgins;Graneros;2017;34.677
Libertador General Bernardo O'Higgins;Graneros;2018;35.124
Libertador General Bernardo O'Higgins;Graneros;2019;35.535
Libertador General Bernardo O'Higgins;Graneros;2020;35.941
Libertador General Bernardo O'Higgins;La Estrella;2015;3.305
Libertador General Bernardo O'Higgins;La Estrella;2016;3.314
Libertador General Bernardo O'Higgins;La Estrella;2017;3.333
Libertador General Bernardo O'Higgins;La Estrella;2018;3.349
Libertador General Bernardo O'Higgins;La Estrella;2019;3.356
Libertador General Bernardo O'Higgins;La Estrella;2020;3.370
Libertador General Bernardo O'Higgins;Las Cabras;2015;23.960
Libertador General Bernardo O'Higgins;Las Cabras;2016;24.134
Libertador General Bernardo O'Higgins;Las Cabras;2017;24.295
Libertador General Bernardo O'Higgins;Las Cabras;2018;24.447
Libertador General Bernardo O'Higgins;Las Cabras;2019;24.574
Libertador General Bernardo O'Higgins;Las Cabras;2020;24.689
Libertador General Bernardo O'Higgins;Litueche;2015;6.303
Libertador General Bernardo O'Higgins;Litueche;2016;6.355
Libertador General Bernardo O'Higgins;Litueche;2017;6.385
Libertador General Bernardo O'Higgins;Litueche;2018;6.418
Libertador General Bernardo O'Higgins;Litueche;2019;6.455
Libertador General Bernardo O'Higgins;Litueche;2020;6.480
Libertador General Bernardo O'Higgins;Lolol;2015;6.994
Libertador General Bernardo O'Higgins;Lolol;2016;7.022
Libertador General Bernardo O'Higgins;Lolol;2017;7.053
Libertador General Bernardo O'Higgins;Lolol;2018;7.072
Libertador General Bernardo O'Higgins;Lolol;2019;7.088
Libertador General Bernardo O'Higgins;Lolol;2020;7.100
Libertador General Bernardo O'Higgins;Machalí;2015;51.665
Libertador General Bernardo O'Higgins;Machalí;2016;53.118
Libertador General Bernardo O'Higgins;Machalí;2017;54.519
Libertador General Bernardo O'Higgins;Machalí;2018;55.831
Libertador General Bernardo O'Higgins;Machalí;2019;57.069
Libertador General Bernardo O'Higgins;Machalí;2020;58.209
Libertador General Bernardo O'Higgins;Malloa;2015;13.861
Libertador General Bernardo O'Higgins;Malloa;2016;13.905
Libertador General Bernardo O'Higgins;Malloa;2017;13.937
Libertador General Bernardo O'Higgins;Malloa;2018;13.972
Libertador General Bernardo O'Higgins;Malloa;2019;13.990
Libertador General Bernardo O'Higgins;Malloa;2020;13.995
Libertador General Bernardo O'Higgins;Marchigüe;2015;7.594
Libertador General Bernardo O'Higgins;Marchigüe;2016;7.623
Libertador General Bernardo O'Higgins;Marchigüe;2017;7.637
Libertador General Bernardo O'Higgins;Marchigüe;2018;7.650
Libertador General Bernardo O'Higgins;Marchigüe;2019;7.661
Libertador General Bernardo O'Higgins;Marchigüe;2020;7.667
Libertador General Bernardo O'Higgins;Mostazal;2015;26.433
Libertador General Bernardo O'Higgins;Mostazal;2016;26.693
Libertador General Bernardo O'Higgins;Mostazal;2017;26.931
Libertador General Bernardo O'Higgins;Mostazal;2018;27.157
Libertador General Bernardo O'Higgins;Mostazal;2019;27.367
Libertador General Bernardo O'Higgins;Mostazal;2020;27.548
Libertador General Bernardo O'Higgins;Nancagua;2015;17.075
Libertador General Bernardo O'Higgins;Nancagua;2016;17.113
Libertador General Bernardo O'Higgins;Nancagua;2017;17.147
Libertador General Bernardo O'Higgins;Nancagua;2018;17.169
Libertador General Bernardo O'Higgins;Nancagua;2019;17.178
Libertador General Bernardo O'Higgins;Nancagua;2020;17.171
Libertador General Bernardo O'Higgins;Navidad;2015;5.958
Libertador General Bernardo O'Higgins;Navidad;2016;5.980
Libertador General Bernardo O'Higgins;Navidad;2017;5.994
Libertador General Bernardo O'Higgins;Navidad;2018;6.006
Libertador General Bernardo O'Higgins;Navidad;2019;6.013
Libertador General Bernardo O'Higgins;Navidad;2020;6.013
Libertador General Bernardo O'Higgins;Olivar;2015;15.025
Libertador General Bernardo O'Higgins;Olivar;2016;15.248
Libertador General Bernardo O'Higgins;Olivar;2017;15.489
Libertador General Bernardo O'Higgins;Olivar;2018;15.725
Libertador General Bernardo O'Higgins;Olivar;2019;15.994
Libertador General Bernardo O'Higgins;Olivar;2020;16.281
Libertador General Bernardo O'Higgins;Palmilla;2015;13.260
Libertador General Bernardo O'Higgins;Palmilla;2016;13.379
Libertador General Bernardo O'Higgins;Palmilla;2017;13.468
Libertador General Bernardo O'Higgins;Palmilla;2018;13.559
Libertador General Bernardo O'Higgins;Palmilla;2019;13.644
Libertador General Bernardo O'Higgins;Palmilla;2020;13.713
Libertador General Bernardo O'Higgins;Paredones;2015;6.439
Libertador General Bernardo O'Higgins;Paredones;2016;6.389
Libertador General Bernardo O'Higgins;Paredones;2017;6.331
Libertador General Bernardo O'Higgins;Paredones;2018;6.276
Libertador General Bernardo O'Higgins;Paredones;2019;6.212
Libertador General Bernardo O'Higgins;Paredones;2020;6.148
Libertador General Bernardo O'Higgins;Peralillo;2015;11.562
Libertador General Bernardo O'Higgins;Peralillo;2016;11.658
Libertador General Bernardo O'Higgins;Peralillo;2017;11.742
Libertador General Bernardo O'Higgins;Peralillo;2018;11.828
Libertador General Bernardo O'Higgins;Peralillo;2019;11.904
Libertador General Bernardo O'Higgins;Peralillo;2020;11.967
Libertador General Bernardo O'Higgins;Peumo;2015;16.089
Libertador General Bernardo O'Higgins;Peumo;2016;16.181
Libertador General Bernardo O'Higgins;Peumo;2017;16.273
Libertador General Bernardo O'Higgins;Peumo;2018;16.345
Libertador General Bernardo O'Higgins;Peumo;2019;16.403
Libertador General Bernardo O'Higgins;Peumo;2020;16.464
Libertador General Bernardo O'Higgins;Pichidegua;2015;20.216
Libertador General Bernardo O'Higgins;Pichidegua;2016;20.317
Libertador General Bernardo O'Higgins;Pichidegua;2017;20.400
Libertador General Bernardo O'Higgins;Pichidegua;2018;20.481
Libertador General Bernardo O'Higgins;Pichidegua;2019;20.537
Libertador General Bernardo O'Higgins;Pichidegua;2020;20.583
Libertador General Bernardo O'Higgins;Pichilemu;2015;14.408
Libertador General Bernardo O'Higgins;Pichilemu;2016;14.502
Libertador General Bernardo O'Higgins;Pichilemu;2017;14.587
Libertador General Bernardo O'Higgins;Pichilemu;2018;14.665
Libertador General Bernardo O'Higgins;Pichilemu;2019;14.730
Libertador General Bernardo O'Higgins;Pichilemu;2020;14.787
Libertador General Bernardo O'Higgins;Placilla;2015;9.254
Libertador General Bernardo O'Higgins;Placilla;2016;9.293
Libertador General Bernardo O'Higgins;Placilla;2017;9.312
Libertador General Bernardo O'Higgins;Placilla;2018;9.333
Libertador General Bernardo O'Higgins;Placilla;2019;9.333
Libertador General Bernardo O'Higgins;Placilla;2020;9.322
Libertador General Bernardo O'Higgins;Pumanque;2015;3.470
Libertador General Bernardo O'Higgins;Pumanque;2016;3.469
Libertador General Bernardo O'Higgins;Pumanque;2017;3.452
Libertador General Bernardo O'Higgins;Pumanque;2018;3.451
Libertador General Bernardo O'Higgins;Pumanque;2019;3.442
Libertador General Bernardo O'Higgins;Pumanque;2020;3.431
Libertador General Bernardo O'Higgins;Quinta de Tilcoco;2015;13.241
Libertador General Bernardo O'Higgins;Quinta de Tilcoco;2016;13.333
Libertador General Bernardo O'Higgins;Quinta de Tilcoco;2017;13.408
Libertador General Bernardo O'Higgins;Quinta de Tilcoco;2018;13.489
Libertador General Bernardo O'Higgins;Quinta de Tilcoco;2019;13.541
Libertador General Bernardo O'Higgins;Quinta de Tilcoco;2020;13.596
Libertador General Bernardo O'Higgins;Rancagua;2015;233.389
Libertador General Bernardo O'Higgins;Rancagua;2016;234.048
Libertador General Bernardo O'Higgins;Rancagua;2017;234.724
Libertador General Bernardo O'Higgins;Rancagua;2018;235.222
Libertador General Bernardo O'Higgins;Rancagua;2019;235.604
Libertador General Bernardo O'Higgins;Rancagua;2020;235.849
Libertador General Bernardo O'Higgins;Rengo;2015;61.102
Libertador General Bernardo O'Higgins;Rengo;2016;61.700
Libertador General Bernardo O'Higgins;Rengo;2017;62.284
Libertador General Bernardo O'Higgins;Rengo;2018;62.827
Libertador General Bernardo O'Higgins;Rengo;2019;63.348
Libertador General Bernardo O'Higgins;Rengo;2020;63.820
Libertador General Bernardo O'Higgins;Requínoa;2015;31.405
Libertador General Bernardo O'Higgins;Requínoa;2016;32.827
Libertador General Bernardo O'Higgins;Requínoa;2017;34.479
Libertador General Bernardo O'Higgins;Requínoa;2018;36.414
Libertador General Bernardo O'Higgins;Requínoa;2019;38.682
Libertador General Bernardo O'Higgins;Requínoa;2020;41.359
Libertador General Bernardo O'Higgins;San Fernando;2015;73.586
Libertador General Bernardo O'Higgins;San Fernando;2016;74.030
Libertador General Bernardo O'Higgins;San Fernando;2017;74.435
Libertador General Bernardo O'Higgins;San Fernando;2018;74.788
Libertador General Bernardo O'Higgins;San Fernando;2019;75.092
Libertador General Bernardo O'Higgins;San Fernando;2020;75.329
Libertador General Bernardo O'Higgins;San Vicente;2015;46.985
Libertador General Bernardo O'Higgins;San Vicente;2016;47.317
Libertador General Bernardo O'Higgins;San Vicente;2017;47.613
Libertador General Bernardo O'Higgins;San Vicente;2018;47.873
Libertador General Bernardo O'Higgins;San Vicente;2019;48.112
Libertador General Bernardo O'Higgins;San Vicente;2020;48.318
Libertador General Bernardo O'Higgins;Santa Cruz;2015;37.563
Libertador General Bernardo O'Higgins;Santa Cruz;2016;37.810
Libertador General Bernardo O'Higgins;Santa Cruz;2017;38.028
Libertador General Bernardo O'Higgins;Santa Cruz;2018;38.222
Libertador General Bernardo O'Higgins;Santa Cruz;2019;38.387
Libertador General Bernardo O'Higgins;Santa Cruz;2020;38.517
Maule;Cauquenes;2015;40.661
Maule;Cauquenes;2016;40.401
Maule;Cauquenes;2017;40.135
Maule;Cauquenes;2018;39.853
Maule;Cauquenes;2019;39.544
Maule;Cauquenes;2020;39.223
Maule;Chanco;2015;9.103
Maule;Chanco;2016;9.037
Maule;Chanco;2017;8.958
Maule;Chanco;2018;8.874
Maule;Chanco;2019;8.785
Maule;Chanco;2020;8.697
Maule;Colbún;2015;19.444
Maule;Colbún;2016;19.499
Maule;Colbún;2017;19.530
Maule;Colbún;2018;19.561
Maule;Colbún;2019;19.577
Maule;Colbún;2020;19.586
Maule;Constitución;2015;50.754
Maule;Constitución;2016;50.888
Maule;Constitución;2017;51.031
Maule;Constitución;2018;51.161
Maule;Constitución;2019;51.291
Maule;Constitución;2020;51.412
Maule;Curepto;2015;10.852
Maule;Curepto;2016;10.799
Maule;Curepto;2017;10.732
Maule;Curepto;2018;10.674
Maule;Curepto;2019;10.611
Maule;Curepto;2020;10.534
Maule;Curicó;2015;144.025
Maule;Curicó;2016;145.344
Maule;Curicó;2017;146.612
Maule;Curicó;2018;147.820
Maule;Curicó;2019;148.959
Maule;Curicó;2020;150.024
Maule;Empedrado;2015;4.478
Maule;Empedrado;2016;4.477
Maule;Empedrado;2017;4.476
Maule;Empedrado;2018;4.461
Maule;Empedrado;2019;4.457
Maule;Empedrado;2020;4.451
Maule;Hualañé;2015;10.241
Maule;Hualañé;2016;10.230
Maule;Hualañé;2017;10.204
Maule;Hualañé;2018;10.182
Maule;Hualañé;2019;10.152
Maule;Hualañé;2020;10.121
Maule;Licantén;2015;7.267
Maule;Licantén;2016;7.253
Maule;Licantén;2017;7.249
Maule;Licantén;2018;7.227
Maule;Licantén;2019;7.210
Maule;Licantén;2020;7.188
Maule;Linares;2015;91.030
Maule;Linares;2016;91.193
Maule;Linares;2017;91.303
Maule;Linares;2018;91.379
Maule;Linares;2019;91.398
Maule;Linares;2020;91.372
Maule;Longaví;2015;29.526
Maule;Longaví;2016;29.486
Maule;Longaví;2017;29.420
Maule;Longaví;2018;29.348
Maule;Longaví;2019;29.268
Maule;Longaví;2020;29.165
Maule;Maule;2015;49.334
Maule;Maule;2016;53.238
Maule;Maule;2017;57.427
Maule;Maule;2018;61.882
Maule;Maule;2019;66.634
Maule;Maule;2020;71.691
Maule;Molina;2015;42.273
Maule;Molina;2016;42.409
Maule;Molina;2017;42.531
Maule;Molina;2018;42.632
Maule;Molina;2019;42.712
Maule;Molina;2020;42.767
Maule;Parral;2015;38.686
Maule;Parral;2016;38.552
Maule;Parral;2017;38.403
Maule;Parral;2018;38.227
Maule;Parral;2019;38.048
Maule;Parral;2020;37.839
Maule;Pelarco;2015;7.936
Maule;Pelarco;2016;7.944
Maule;Pelarco;2017;7.955
Maule;Pelarco;2018;7.959
Maule;Pelarco;2019;7.950
Maule;Pelarco;2020;7.958
Maule;Pelluhue;2015;7.623
Maule;Pelluhue;2016;7.678
Maule;Pelluhue;2017;7.745
Maule;Pelluhue;2018;7.800
Maule;Pelluhue;2019;7.850
Maule;Pelluhue;2020;7.896
Maule;Pencahue;2015;8.845
Maule;Pencahue;2016;8.840
Maule;Pencahue;2017;8.834
Maule;Pencahue;2018;8.812
Maule;Pencahue;2019;8.796
Maule;Pencahue;2020;8.785
Maule;Rauco;2015;10.044
Maule;Rauco;2016;10.115
Maule;Rauco;2017;10.182
Maule;Rauco;2018;10.250
Maule;Rauco;2019;10.303
Maule;Rauco;2020;10.358
Maule;Retiro;2015;19.706
Maule;Retiro;2016;19.696
Maule;Retiro;2017;19.688
Maule;Retiro;2018;19.660
Maule;Retiro;2019;19.631
Maule;Retiro;2020;19.574
Maule;Río Claro;2015;13.509
Maule;Río Claro;2016;13.505
Maule;Río Claro;2017;13.497
Maule;Río Claro;2018;13.475
Maule;Río Claro;2019;13.448
Maule;Río Claro;2020;13.423
Maule;Romeral;2015;15.112
Maule;Romeral;2016;15.234
Maule;Romeral;2017;15.351
Maule;Romeral;2018;15.459
Maule;Romeral;2019;15.559
Maule;Romeral;2020;15.663
Maule;Sagrada Familia;2015;19.537
Maule;Sagrada Familia;2016;19.596
Maule;Sagrada Familia;2017;19.655
Maule;Sagrada Familia;2018;19.696
Maule;Sagrada Familia;2019;19.734
Maule;Sagrada Familia;2020;19.751
Maule;San Clemente;2015;41.556
Maule;San Clemente;2016;41.746
Maule;San Clemente;2017;41.916
Maule;San Clemente;2018;42.067
Maule;San Clemente;2019;42.202
Maule;San Clemente;2020;42.303
Maule;San Javier;2015;41.099
Maule;San Javier;2016;41.157
Maule;San Javier;2017;41.181
Maule;San Javier;2018;41.197
Maule;San Javier;2019;41.188
Maule;San Javier;2020;41.156
Maule;San Rafael;2015;9.782
Maule;San Rafael;2016;9.908
Maule;San Rafael;2017;10.045
Maule;San Rafael;2018;10.171
Maule;San Rafael;2019;10.295
Maule;San Rafael;2020;10.412
Maule;Talca;2015;233.339
Maule;Talca;2016;234.760
Maule;Talca;2017;236.037
Maule;Talca;2018;237.283
Maule;Talca;2019;238.380
Maule;Talca;2020;239.317
Maule;Teno;2015;28.504
Maule;Teno;2016;28.591
Maule;Teno;2017;28.661
Maule;Teno;2018;28.729
Maule;Teno;2019;28.781
Maule;Teno;2020;28.809
Maule;Vichuquén;2015;5.134
Maule;Vichuquén;2016;5.127
Maule;Vichuquén;2017;5.118
Maule;Vichuquén;2018;5.096
Maule;Vichuquén;2019;5.085
Maule;Vichuquén;2020;5.066
Maule;Villa Alegre;2015;15.350
Maule;Villa Alegre;2016;15.306
Maule;Villa Alegre;2017;15.274
Maule;Villa Alegre;2018;15.232
Maule;Villa Alegre;2019;15.179
Maule;Villa Alegre;2020;15.119
Maule;Yerbas Buenas;2015;18.239
Maule;Yerbas Buenas;2016;18.313
Maule;Yerbas Buenas;2017;18.383
Maule;Yerbas Buenas;2018;18.448
Maule;Yerbas Buenas;2019;18.498
Maule;Yerbas Buenas;2020;18.542
Bío-Bío;Alto Biobío;2015;6.118
Bío-Bío;Alto Biobío;2016;6.034
Bío-Bío;Alto Biobío;2017;5.957
Bío-Bío;Alto Biobío;2018;5.886
Bío-Bío;Alto Biobío;2019;5.817
Bío-Bío;Alto Biobío;2020;5.744
Bío-Bío;Antuco;2015;3.945
Bío-Bío;Antuco;2016;3.926
Bío-Bío;Antuco;2017;3.906
Bío-Bío;Antuco;2018;3.891
Bío-Bío;Antuco;2019;3.858
Bío-Bío;Antuco;2020;3.842
Bío-Bío;Arauco;2015;38.270
Bío-Bío;Arauco;2016;38.363
Bío-Bío;Arauco;2017;38.431
Bío-Bío;Arauco;2018;38.490
Bío-Bío;Arauco;2019;38.518
Bío-Bío;Arauco;2020;38.521
Bío-Bío;Cabrero;2015;29.136
Bío-Bío;Cabrero;2016;29.357
Bío-Bío;Cabrero;2017;29.563
Bío-Bío;Cabrero;2018;29.773
Bío-Bío;Cabrero;2019;29.974
Bío-Bío;Cabrero;2020;30.173
Bío-Bío;Cañete;2015;34.202
Bío-Bío;Cañete;2016;34.260
Bío-Bío;Cañete;2017;34.277
Bío-Bío;Cañete;2018;34.287
Bío-Bío;Cañete;2019;34.266
Bío-Bío;Cañete;2020;34.214
Bío-Bío;Chiguayante;2015;99.036
Bío-Bío;Chiguayante;2016;100.157
Bío-Bío;Chiguayante;2017;101.243
Bío-Bío;Chiguayante;2018;102.321
Bío-Bío;Chiguayante;2019;103.367
Bío-Bío;Chiguayante;2020;104.382
Bío-Bío;Concepción;2015;229.017
Bío-Bío;Concepción;2016;229.118
Bío-Bío;Concepción;2017;229.160
Bío-Bío;Concepción;2018;229.156
Bío-Bío;Concepción;2019;228.960
Bío-Bío;Concepción;2020;228.779
Bío-Bío;Contulmo;2015;5.581
Bío-Bío;Contulmo;2016;5.549
Bío-Bío;Contulmo;2017;5.500
Bío-Bío;Contulmo;2018;5.449
Bío-Bío;Contulmo;2019;5.412
Bío-Bío;Contulmo;2020;5.365
Bío-Bío;Coronel;2015;115.062
Bío-Bío;Coronel;2016;116.256
Bío-Bío;Coronel;2017;117.423
Bío-Bío;Coronel;2018;118.552
Bío-Bío;Coronel;2019;119.664
Bío-Bío;Coronel;2020;120.729
Bío-Bío;Curanilahue;2015;34.894
Bío-Bío;Curanilahue;2016;34.977
Bío-Bío;Curanilahue;2017;35.047
Bío-Bío;Curanilahue;2018;35.095
Bío-Bío;Curanilahue;2019;35.144
Bío-Bío;Curanilahue;2020;35.157
Bío-Bío;Florida;2015;8.939
Bío-Bío;Florida;2016;8.843
Bío-Bío;Florida;2017;8.742
Bío-Bío;Florida;2018;8.638
Bío-Bío;Florida;2019;8.530
Bío-Bío;Florida;2020;8.433
Bío-Bío;Hualpén;2015;108.028
Bío-Bío;Hualpén;2016;109.436
Bío-Bío;Hualpén;2017;110.823
Bío-Bío;Hualpén;2018;112.188
Bío-Bío;Hualpén;2019;113.524
Bío-Bío;Hualpén;2020;114.833
Bío-Bío;Hualqui;2015;25.266
Bío-Bío;Hualqui;2016;25.745
Bío-Bío;Hualqui;2017;26.243
Bío-Bío;Hualqui;2018;26.715
Bío-Bío;Hualqui;2019;27.197
Bío-Bío;Hualqui;2020;27.670
Bío-Bío;Laja;2015;24.040
Bío-Bío;Laja;2016;24.066
Bío-Bío;Laja;2017;24.083
Bío-Bío;Laja;2018;24.089
Bío-Bío;Laja;2019;24.092
Bío-Bío;Laja;2020;24.079
Bío-Bío;Lebu;2015;26.567
Bío-Bío;Lebu;2016;26.618
Bío-Bío;Lebu;2017;26.670
Bío-Bío;Lebu;2018;26.706
Bío-Bío;Lebu;2019;26.759
Bío-Bío;Lebu;2020;26.791
Bío-Bío;Los Alamos;2015;23.588
Bío-Bío;Los Alamos;2016;23.925
Bío-Bío;Los Alamos;2017;24.253
Bío-Bío;Los Alamos;2018;24.584
Bío-Bío;Los Alamos;2019;24.914
Bío-Bío;Los Alamos;2020;25.230
Bío-Bío;Los Angeles;2015;194.870
Bío-Bío;Los Angeles;2016;196.454
Bío-Bío;Los Angeles;2017;197.987
Bío-Bío;Los Angeles;2018;199.465
Bío-Bío;Los Angeles;2019;200.866
Bío-Bío;Los Angeles;2020;202.214
Bío-Bío;Lota;2015;47.821
Bío-Bío;Lota;2016;47.539
Bío-Bío;Lota;2017;47.235
Bío-Bío;Lota;2018;46.916
Bío-Bío;Lota;2019;46.589
Bío-Bío;Lota;2020;46.241
Bío-Bío;Mulchén;2015;30.485
Bío-Bío;Mulchén;2016;30.484
Bío-Bío;Mulchén;2017;30.465
Bío-Bío;Mulchén;2018;30.435
Bío-Bío;Mulchén;2019;30.400
Bío-Bío;Mulchén;2020;30.354
Bío-Bío;Nacimiento;2015;28.392
Bío-Bío;Nacimiento;2016;28.471
Bío-Bío;Nacimiento;2017;28.542
Bío-Bío;Nacimiento;2018;28.606
Bío-Bío;Nacimiento;2019;28.656
Bío-Bío;Nacimiento;2020;28.699
Bío-Bío;Negrete;2015;10.252
Bío-Bío;Negrete;2016;10.348
Bío-Bío;Negrete;2017;10.450
Bío-Bío;Negrete;2018;10.544
Bío-Bío;Negrete;2019;10.625
Bío-Bío;Negrete;2020;10.717
Bío-Bío;Penco;2015;51.611
Bío-Bío;Penco;2016;51.853
Bío-Bío;Penco;2017;52.098
Bío-Bío;Penco;2018;52.315
Bío-Bío;Penco;2019;52.504
Bío-Bío;Penco;2020;52.695
Bío-Bío;Quilaco;2015;4.103
Bío-Bío;Quilaco;2016;4.097
Bío-Bío;Quilaco;2017;4.080
Bío-Bío;Quilaco;2018;4.069
Bío-Bío;Quilaco;2019;4.053
Bío-Bío;Quilaco;2020;4.040
Bío-Bío;Quilleco;2015;10.033
Bío-Bío;Quilleco;2016;9.964
Bío-Bío;Quilleco;2017;9.889
Bío-Bío;Quilleco;2018;9.814
Bío-Bío;Quilleco;2019;9.737
Bío-Bío;Quilleco;2020;9.654
Bío-Bío;San Pedro de la Paz;2015;130.703
Bío-Bío;San Pedro de la Paz;2016;135.093
Bío-Bío;San Pedro de la Paz;2017;139.570
Bío-Bío;San Pedro de la Paz;2018;144.156
Bío-Bío;San Pedro de la Paz;2019;148.811
Bío-Bío;San Pedro de la Paz;2020;153.562
Bío-Bío;San Rosendo;2015;3.936
Bío-Bío;San Rosendo;2016;3.916
Bío-Bío;San Rosendo;2017;3.897
Bío-Bío;San Rosendo;2018;3.882
Bío-Bío;San Rosendo;2019;3.868
Bío-Bío;San Rosendo;2020;3.843
Bío-Bío;Santa Bárbara;2015;12.929
Bío-Bío;Santa Bárbara;2016;12.884
Bío-Bío;Santa Bárbara;2017;12.825
Bío-Bío;Santa Bárbara;2018;12.767
Bío-Bío;Santa Bárbara;2019;12.695
Bío-Bío;Santa Bárbara;2020;12.623
Bío-Bío;Santa Juana;2015;13.705
Bío-Bío;Santa Juana;2016;13.725
Bío-Bío;Santa Juana;2017;13.740
Bío-Bío;Santa Juana;2018;13.742
Bío-Bío;Santa Juana;2019;13.743
Bío-Bío;Santa Juana;2020;13.728
Bío-Bío;Talcahuano;2015;178.052
Bío-Bío;Talcahuano;2016;178.500
Bío-Bío;Talcahuano;2017;178.890
Bío-Bío;Talcahuano;2018;179.207
Bío-Bío;Talcahuano;2019;179.474
Bío-Bío;Talcahuano;2020;179.670
Bío-Bío;Tirúa;2015;10.458
Bío-Bío;Tirúa;2016;10.477
Bío-Bío;Tirúa;2017;10.495
Bío-Bío;Tirúa;2018;10.505
Bío-Bío;Tirúa;2019;10.527
Bío-Bío;Tirúa;2020;10.528
Bío-Bío;Tomé;2015;55.752
Bío-Bío;Tomé;2016;55.788
Bío-Bío;Tomé;2017;55.814
Bío-Bío;Tomé;2018;55.810
Bío-Bío;Tomé;2019;55.802
Bío-Bío;Tomé;2020;55.760
Bío-Bío;Tucapel;2015;14.378
Bío-Bío;Tucapel;2016;14.457
Bío-Bío;Tucapel;2017;14.523
Bío-Bío;Tucapel;2018;14.582
Bío-Bío;Tucapel;2019;14.647
Bío-Bío;Tucapel;2020;14.700
Bío-Bío;Yumbel;2015;21.596
Bío-Bío;Yumbel;2016;21.593
Bío-Bío;Yumbel;2017;21.587
Bío-Bío;Yumbel;2018;21.569
Bío-Bío;Yumbel;2019;21.553
Bío-Bío;Yumbel;2020;21.523
Ñuble;Bulnes;2015;21.963
Ñuble;Bulnes;2016;22.002
Ñuble;Bulnes;2017;22.042
Ñuble;Bulnes;2018;22.081
Ñuble;Bulnes;2019;22.112
Ñuble;Bulnes;2020;22.133
Ñuble;Chillán;2015;179.632
Ñuble;Chillán;2016;180.348
Ñuble;Chillán;2017;181.008
Ñuble;Chillán;2018;181.618
Ñuble;Chillán;2019;182.153
Ñuble;Chillán;2020;182.622
Ñuble;Chillán Viejo;2015;32.319
Ñuble;Chillán Viejo;2016;33.146
Ñuble;Chillán Viejo;2017;33.982
Ñuble;Chillán Viejo;2018;34.829
Ñuble;Chillán Viejo;2019;35.685
Ñuble;Chillán Viejo;2020;36.553
Ñuble;Cobquecura;2015;5.715
Ñuble;Cobquecura;2016;5.689
Ñuble;Cobquecura;2017;5.667
Ñuble;Cobquecura;2018;5.643
Ñuble;Cobquecura;2019;5.621
Ñuble;Cobquecura;2020;5.584
Ñuble;Coelemu;2015;16.950
Ñuble;Coelemu;2016;17.004
Ñuble;Coelemu;2017;17.040
Ñuble;Coelemu;2018;17.083
Ñuble;Coelemu;2019;17.125
Ñuble;Coelemu;2020;17.164
Ñuble;Coihueco;2015;25.843
Ñuble;Coihueco;2016;25.933
Ñuble;Coihueco;2017;25.996
Ñuble;Coihueco;2018;26.057
Ñuble;Coihueco;2019;26.105
Ñuble;Coihueco;2020;26.159
Ñuble;El Carmen;2015;12.898
Ñuble;El Carmen;2016;12.851
Ñuble;El Carmen;2017;12.806
Ñuble;El Carmen;2018;12.742
Ñuble;El Carmen;2019;12.690
Ñuble;El Carmen;2020;12.627
Ñuble;Ninhue;2015;5.827
Ñuble;Ninhue;2016;5.817
Ñuble;Ninhue;2017;5.801
Ñuble;Ninhue;2018;5.781
Ñuble;Ninhue;2019;5.755
Ñuble;Ninhue;2020;5.732
Ñuble;Ñiquén;2015;11.665
Ñuble;Ñiquén;2016;11.653
Ñuble;Ñiquén;2017;11.609
Ñuble;Ñiquén;2018;11.579
Ñuble;Ñiquén;2019;11.536
Ñuble;Ñiquén;2020;11.501
Ñuble;Pemuco;2015;9.294
Ñuble;Pemuco;2016;9.297
Ñuble;Pemuco;2017;9.301
Ñuble;Pemuco;2018;9.297
Ñuble;Pemuco;2019;9.283
Ñuble;Pemuco;2020;9.276
Ñuble;Pinto;2015;11.307
Ñuble;Pinto;2016;11.363
Ñuble;Pinto;2017;11.437
Ñuble;Pinto;2018;11.492
Ñuble;Pinto;2019;11.546
Ñuble;Pinto;2020;11.588
Ñuble;Portezuelo;2015;5.635
Ñuble;Portezuelo;2016;5.627
Ñuble;Portezuelo;2017;5.622
Ñuble;Portezuelo;2018;5.603
Ñuble;Portezuelo;2019;5.587
Ñuble;Portezuelo;2020;5.575
Ñuble;Quillón;2015;16.840
Ñuble;Quillón;2016;16.914
Ñuble;Quillón;2017;16.976
Ñuble;Quillón;2018;17.036
Ñuble;Quillón;2019;17.089
Ñuble;Quillón;2020;17.141
Ñuble;Quirihue;2015;13.419
Ñuble;Quirihue;2016;13.526
Ñuble;Quirihue;2017;13.645
Ñuble;Quirihue;2018;13.742
Ñuble;Quirihue;2019;13.847
Ñuble;Quirihue;2020;13.943
Ñuble;Ranquil;2015;6.049
Ñuble;Ranquil;2016;6.065
Ñuble;Ranquil;2017;6.078
Ñuble;Ranquil;2018;6.083
Ñuble;Ranquil;2019;6.099
Ñuble;Ranquil;2020;6.105
Ñuble;San Carlos;2015;53.085
Ñuble;San Carlos;2016;53.249
Ñuble;San Carlos;2017;53.406
Ñuble;San Carlos;2018;53.548
Ñuble;San Carlos;2019;53.692
Ñuble;San Carlos;2020;53.815
Ñuble;San Fabián;2015;4.044
Ñuble;San Fabián;2016;4.070
Ñuble;San Fabián;2017;4.094
Ñuble;San Fabián;2018;4.120
Ñuble;San Fabián;2019;4.135
Ñuble;San Fabián;2020;4.146
Ñuble;San Ignacio;2015;16.019
Ñuble;San Ignacio;2016;15.943
Ñuble;San Ignacio;2017;15.877
Ñuble;San Ignacio;2018;15.789
Ñuble;San Ignacio;2019;15.709
Ñuble;San Ignacio;2020;15.611
Ñuble;San Nicolás;2015;11.451
Ñuble;San Nicolás;2016;11.544
Ñuble;San Nicolás;2017;11.636
Ñuble;San Nicolás;2018;11.726
Ñuble;San Nicolás;2019;11.816
Ñuble;San Nicolás;2020;11.895
Ñuble;Treguaco;2015;5.318
Ñuble;Treguaco;2016;5.295
Ñuble;Treguaco;2017;5.277
Ñuble;Treguaco;2018;5.257
Ñuble;Treguaco;2019;5.238
Ñuble;Treguaco;2020;5.212
Ñuble;Yungay;2015;18.248
Ñuble;Yungay;2016;18.293
Ñuble;Yungay;2017;18.331
Ñuble;Yungay;2018;18.354
Ñuble;Yungay;2019;18.381
Ñuble;Yungay;2020;18.399
La Araucanía;Angol;2015;55.289
La Araucanía;Angol;2016;55.570
La Araucanía;Angol;2017;55.845
La Araucanía;Angol;2018;56.103
La Araucanía;Angol;2019;56.345
La Araucanía;Angol;2020;56.563
La Araucanía;Carahue;2015;26.562
La Araucanía;Carahue;2016;26.515
La Araucanía;Carahue;2017;26.467
La Araucanía;Carahue;2018;26.406
La Araucanía;Carahue;2019;26.341
La Araucanía;Carahue;2020;26.276
La Araucanía;Cholchol;2015;11.834
La Araucanía;Cholchol;2016;11.936
La Araucanía;Cholchol;2017;12.026
La Araucanía;Cholchol;2018;12.119
La Araucanía;Cholchol;2019;12.212
La Araucanía;Cholchol;2020;12.287
La Araucanía;Collipulli;2015;24.574
La Araucanía;Collipulli;2016;24.638
La Araucanía;Collipulli;2017;24.708
La Araucanía;Collipulli;2018;24.774
La Araucanía;Collipulli;2019;24.832
La Araucanía;Collipulli;2020;24.875
La Araucanía;Cunco;2015;19.047
La Araucanía;Cunco;2016;18.990
La Araucanía;Cunco;2017;18.926
La Araucanía;Cunco;2018;18.862
La Araucanía;Cunco;2019;18.800
La Araucanía;Cunco;2020;18.724
La Araucanía;Curacautín;2015;17.221
La Araucanía;Curacautín;2016;17.164
La Araucanía;Curacautín;2017;17.107
La Araucanía;Curacautín;2018;17.046
La Araucanía;Curacautín;2019;16.969
La Araucanía;Curacautín;2020;16.907
La Araucanía;Curarrehue;2015;7.443
La Araucanía;Curarrehue;2016;7.466
La Araucanía;Curarrehue;2017;7.491
La Araucanía;Curarrehue;2018;7.504
La Araucanía;Curarrehue;2019;7.520
La Araucanía;Curarrehue;2020;7.533
La Araucanía;Ercilla;2015;9.197
La Araucanía;Ercilla;2016;9.168
La Araucanía;Ercilla;2017;9.140
La Araucanía;Ercilla;2018;9.112
La Araucanía;Ercilla;2019;9.082
La Araucanía;Ercilla;2020;9.041
La Araucanía;Freire;2015;24.746
La Araucanía;Freire;2016;24.584
La Araucanía;Freire;2017;24.411
La Araucanía;Freire;2018;24.241
La Araucanía;Freire;2019;24.058
La Araucanía;Freire;2020;23.867
La Araucanía;Galvarino;2015;12.575
La Araucanía;Galvarino;2016;12.523
La Araucanía;Galvarino;2017;12.469
La Araucanía;Galvarino;2018;12.408
La Araucanía;Galvarino;2019;12.341
La Araucanía;Galvarino;2020;12.279
La Araucanía;Gorbea;2015;15.684
La Araucanía;Gorbea;2016;15.649
La Araucanía;Gorbea;2017;15.619
La Araucanía;Gorbea;2018;15.584
La Araucanía;Gorbea;2019;15.537
La Araucanía;Gorbea;2020;15.492
La Araucanía;Lautaro;2015;36.888
La Araucanía;Lautaro;2016;37.119
La Araucanía;Lautaro;2017;37.340
La Araucanía;Lautaro;2018;37.557
La Araucanía;Lautaro;2019;37.756
La Araucanía;Lautaro;2020;37.952
La Araucanía;Loncoche;2015;23.425
La Araucanía;Loncoche;2016;23.354
La Araucanía;Loncoche;2017;23.275
La Araucanía;Loncoche;2018;23.194
La Araucanía;Loncoche;2019;23.109
La Araucanía;Loncoche;2020;23.003
La Araucanía;Lonquimay;2015;10.957
La Araucanía;Lonquimay;2016;10.964
La Araucanía;Lonquimay;2017;10.981
La Araucanía;Lonquimay;2018;10.985
La Araucanía;Lonquimay;2019;10.980
La Araucanía;Lonquimay;2020;10.981
La Araucanía;Los Sauces;2015;7.847
La Araucanía;Los Sauces;2016;7.838
La Araucanía;Los Sauces;2017;7.818
La Araucanía;Los Sauces;2018;7.803
La Araucanía;Los Sauces;2019;7.791
La Araucanía;Los Sauces;2020;7.765
La Araucanía;Lumaco;2015;11.328
La Araucanía;Lumaco;2016;11.270
La Araucanía;Lumaco;2017;11.217
La Araucanía;Lumaco;2018;11.164
La Araucanía;Lumaco;2019;11.099
La Araucanía;Lumaco;2020;11.039
La Araucanía;Melipeuco;2015;5.837
La Araucanía;Melipeuco;2016;5.835
La Araucanía;Melipeuco;2017;5.819
La Araucanía;Melipeuco;2018;5.816
La Araucanía;Melipeuco;2019;5.798
La Araucanía;Melipeuco;2020;5.782
La Araucanía;Nueva Imperial;2015;33.386
La Araucanía;Nueva Imperial;2016;33.528
La Araucanía;Nueva Imperial;2017;33.653
La Araucanía;Nueva Imperial;2018;33.768
La Araucanía;Nueva Imperial;2019;33.876
La Araucanía;Nueva Imperial;2020;33.976
La Araucanía;Padre Las Casas;2015;86.913
La Araucanía;Padre Las Casas;2016;89.163
La Araucanía;Padre Las Casas;2017;91.442
La Araucanía;Padre Las Casas;2018;93.760
La Araucanía;Padre Las Casas;2019;96.098
La Araucanía;Padre Las Casas;2020;98.459
La Araucanía;Perquenco;2015;7.267
La Araucanía;Perquenco;2016;7.300
La Araucanía;Perquenco;2017;7.328
La Araucanía;Perquenco;2018;7.366
La Araucanía;Perquenco;2019;7.393
La Araucanía;Perquenco;2020;7.421
La Araucanía;Pitrufquén;2015;24.672
La Araucanía;Pitrufquén;2016;24.794
La Araucanía;Pitrufquén;2017;24.898
La Araucanía;Pitrufquén;2018;25.009
La Araucanía;Pitrufquén;2019;25.100
La Araucanía;Pitrufquén;2020;25.184
La Araucanía;Pucón;2015;27.680
La Araucanía;Pucón;2016;28.146
La Araucanía;Pucón;2017;28.609
La Araucanía;Pucón;2018;29.072
La Araucanía;Pucón;2019;29.536
La Araucanía;Pucón;2020;29.991
La Araucanía;Purén;2015;12.973
La Araucanía;Purén;2016;12.926
La Araucanía;Purén;2017;12.885
La Araucanía;Purén;2018;12.822
La Araucanía;Purén;2019;12.769
La Araucanía;Purén;2020;12.710
La Araucanía;Renaico;2015;10.582
La Araucanía;Renaico;2016;10.662
La Araucanía;Renaico;2017;10.738
La Araucanía;Renaico;2018;10.804
La Araucanía;Renaico;2019;10.873
La Araucanía;Renaico;2020;10.942
La Araucanía;Saavedra;2015;12.977
La Araucanía;Saavedra;2016;12.840
La Araucanía;Saavedra;2017;12.706
La Araucanía;Saavedra;2018;12.571
La Araucanía;Saavedra;2019;12.425
La Araucanía;Saavedra;2020;12.289
La Araucanía;Temuco;2015;287.850
La Araucanía;Temuco;2016;290.234
La Araucanía;Temuco;2017;292.534
La Araucanía;Temuco;2018;294.734
La Araucanía;Temuco;2019;296.889
La Araucanía;Temuco;2020;298.974
La Araucanía;Teodoro Schmidt;2015;16.163
La Araucanía;Teodoro Schmidt;2016;16.147
La Araucanía;Teodoro Schmidt;2017;16.125
La Araucanía;Teodoro Schmidt;2018;16.096
La Araucanía;Teodoro Schmidt;2019;16.061
La Araucanía;Teodoro Schmidt;2020;16.028
La Araucanía;Toltén;2015;11.423
La Araucanía;Toltén;2016;11.391
La Araucanía;Toltén;2017;11.357
La Araucanía;Toltén;2018;11.319
La Araucanía;Toltén;2019;11.274
La Araucanía;Toltén;2020;11.232
La Araucanía;Traiguén;2015;19.835
La Araucanía;Traiguén;2016;19.771
La Araucanía;Traiguén;2017;19.707
La Araucanía;Traiguén;2018;19.640
La Araucanía;Traiguén;2019;19.567
La Araucanía;Traiguén;2020;19.473
La Araucanía;Victoria;2015;34.950
La Araucanía;Victoria;2016;34.911
La Araucanía;Victoria;2017;34.869
La Araucanía;Victoria;2018;34.814
La Araucanía;Victoria;2019;34.762
La Araucanía;Victoria;2020;34.674
La Araucanía;Vilcún;2015;27.671
La Araucanía;Vilcún;2016;27.996
La Araucanía;Vilcún;2017;28.326
La Araucanía;Vilcún;2018;28.638
La Araucanía;Vilcún;2019;28.947
La Araucanía;Vilcún;2020;29.264
La Araucanía;Villarrica;2015;55.002
La Araucanía;Villarrica;2016;55.582
La Araucanía;Villarrica;2017;56.139
La Araucanía;Villarrica;2018;56.689
La Araucanía;Villarrica;2019;57.231
La Araucanía;Villarrica;2020;57.753
Los Lagos;Ancud;2015;43.978
Los Lagos;Ancud;2016;44.128
Los Lagos;Ancud;2017;44.249
Los Lagos;Ancud;2018;44.373
Los Lagos;Ancud;2019;44.476
Los Lagos;Ancud;2020;44.568
Los Lagos;Calbuco;2015;34.864
Los Lagos;Calbuco;2016;35.073
Los Lagos;Calbuco;2017;35.282
Los Lagos;Calbuco;2018;35.471
Los Lagos;Calbuco;2019;35.654
Los Lagos;Calbuco;2020;35.821
Los Lagos;Castro;2015;48.665
Los Lagos;Castro;2016;49.068
Los Lagos;Castro;2017;49.451
Los Lagos;Castro;2018;49.824
Los Lagos;Castro;2019;50.159
Los Lagos;Castro;2020;50.483
Los Lagos;Chaitén;2015;3.740
Los Lagos;Chaitén;2016;3.967
Los Lagos;Chaitén;2017;4.176
Los Lagos;Chaitén;2018;4.394
Los Lagos;Chaitén;2019;4.605
Los Lagos;Chaitén;2020;4.817
Los Lagos;Chonchi;2015;15.234
Los Lagos;Chonchi;2016;15.365
Los Lagos;Chonchi;2017;15.494
Los Lagos;Chonchi;2018;15.620
Los Lagos;Chonchi;2019;15.745
Los Lagos;Chonchi;2020;15.860
Los Lagos;Cochamó;2015;4.124
Los Lagos;Cochamó;2016;4.078
Los Lagos;Cochamó;2017;4.030
Los Lagos;Cochamó;2018;3.990
Los Lagos;Cochamó;2019;3.939
Los Lagos;Cochamó;2020;3.899
Los Lagos;Curaco de Vélez;2015;4.167
Los Lagos;Curaco de Vélez;2016;4.199
Los Lagos;Curaco de Vélez;2017;4.243
Los Lagos;Curaco de Vélez;2018;4.286
Los Lagos;Curaco de Vélez;2019;4.323
Los Lagos;Curaco de Vélez;2020;4.356
Los Lagos;Dalcahue;2015;15.316
Los Lagos;Dalcahue;2016;15.616
Los Lagos;Dalcahue;2017;15.927
Los Lagos;Dalcahue;2018;16.234
Los Lagos;Dalcahue;2019;16.541
Los Lagos;Dalcahue;2020;16.839
Los Lagos;Fresia;2015;12.802
Los Lagos;Fresia;2016;12.737
Los Lagos;Fresia;2017;12.658
Los Lagos;Fresia;2018;12.584
Los Lagos;Fresia;2019;12.507
Los Lagos;Fresia;2020;12.418
Los Lagos;Frutillar;2015;17.272
Los Lagos;Frutillar;2016;17.312
Los Lagos;Frutillar;2017;17.352
Los Lagos;Frutillar;2018;17.371
Los Lagos;Frutillar;2019;17.383
Los Lagos;Frutillar;2020;17.415
Los Lagos;Futaleufú;2015;3.382
Los Lagos;Futaleufú;2016;3.417
Los Lagos;Futaleufú;2017;3.459
Los Lagos;Futaleufú;2018;3.478
Los Lagos;Futaleufú;2019;3.513
Los Lagos;Futaleufú;2020;3.542
Los Lagos;Hualaihué;2015;11.051
Los Lagos;Hualaihué;2016;11.165
Los Lagos;Hualaihué;2017;11.291
Los Lagos;Hualaihué;2018;11.408
Los Lagos;Hualaihué;2019;11.519
Los Lagos;Hualaihué;2020;11.638
Los Lagos;Llanquihue;2015;18.083
Los Lagos;Llanquihue;2016;18.137
Los Lagos;Llanquihue;2017;18.191
Los Lagos;Llanquihue;2018;18.229
Los Lagos;Llanquihue;2019;18.268
Los Lagos;Llanquihue;2020;18.291
Los Lagos;Los Muermos;2015;16.569
Los Lagos;Los Muermos;2016;16.441
Los Lagos;Los Muermos;2017;16.312
Los Lagos;Los Muermos;2018;16.177
Los Lagos;Los Muermos;2019;16.030
Los Lagos;Los Muermos;2020;15.887
Los Lagos;Maullín;2015;15.722
Los Lagos;Maullín;2016;15.647
Los Lagos;Maullín;2017;15.572
Los Lagos;Maullín;2018;15.492
Los Lagos;Maullín;2019;15.408
Los Lagos;Maullín;2020;15.316
Los Lagos;Osorno;2015;157.630
Los Lagos;Osorno;2016;157.855
Los Lagos;Osorno;2017;158.027
Los Lagos;Osorno;2018;158.162
Los Lagos;Osorno;2019;158.234
Los Lagos;Osorno;2020;158.259
Los Lagos;Palena;2015;2.126
Los Lagos;Palena;2016;2.125
Los Lagos;Palena;2017;2.124
Los Lagos;Palena;2018;2.119
Los Lagos;Palena;2019;2.119
Los Lagos;Palena;2020;2.109
Los Lagos;Puerto Montt;2015;243.825
Los Lagos;Puerto Montt;2016;248.230
Los Lagos;Puerto Montt;2017;252.542
Los Lagos;Puerto Montt;2018;256.828
Los Lagos;Puerto Montt;2019;261.117
Los Lagos;Puerto Montt;2020;265.292
Los Lagos;Puerto Octay;2015;9.574
Los Lagos;Puerto Octay;2016;9.465
Los Lagos;Puerto Octay;2017;9.360
Los Lagos;Puerto Octay;2018;9.257
Los Lagos;Puerto Octay;2019;9.146
Los Lagos;Puerto Octay;2020;9.026
Los Lagos;Puerto Varas;2015;40.756
Los Lagos;Puerto Varas;2016;41.182
Los Lagos;Puerto Varas;2017;41.617
Los Lagos;Puerto Varas;2018;42.027
Los Lagos;Puerto Varas;2019;42.423
Los Lagos;Puerto Varas;2020;42.812
Los Lagos;Puqueldón;2015;4.021
Los Lagos;Puqueldón;2016;3.986
Los Lagos;Puqueldón;2017;3.950
Los Lagos;Puqueldón;2018;3.912
Los Lagos;Puqueldón;2019;3.882
Los Lagos;Puqueldón;2020;3.837
Los Lagos;Purranque;2015;21.417
Los Lagos;Purranque;2016;21.354
Los Lagos;Purranque;2017;21.282
Los Lagos;Purranque;2018;21.197
Los Lagos;Purranque;2019;21.098
Los Lagos;Purranque;2020;21.001
Los Lagos;Puyehue;2015;11.052
Los Lagos;Puyehue;2016;10.988
Los Lagos;Puyehue;2017;10.928
Los Lagos;Puyehue;2018;10.864
Los Lagos;Puyehue;2019;10.798
Los Lagos;Puyehue;2020;10.734
Los Lagos;Queilén;2015;5.560
Los Lagos;Queilén;2016;5.549
Los Lagos;Queilén;2017;5.558
Los Lagos;Queilén;2018;5.548
Los Lagos;Queilén;2019;5.534
Los Lagos;Queilén;2020;5.531
Los Lagos;Quellón;2015;30.532
Los Lagos;Quellón;2016;31.122
Los Lagos;Quellón;2017;31.703
Los Lagos;Quellón;2018;32.294
Los Lagos;Quellón;2019;32.867
Los Lagos;Quellón;2020;33.445
Los Lagos;Quemchi;2015;9.091
Los Lagos;Quemchi;2016;9.074
Los Lagos;Quemchi;2017;9.048
Los Lagos;Quemchi;2018;9.012
Los Lagos;Quemchi;2019;8.979
Los Lagos;Quemchi;2020;8.947
Los Lagos;Quinchao;2015;8.881
Los Lagos;Quinchao;2016;8.826
Los Lagos;Quinchao;2017;8.759
Los Lagos;Quinchao;2018;8.693
Los Lagos;Quinchao;2019;8.625
Los Lagos;Quinchao;2020;8.558
Los Lagos;Río Negro;2015;13.674
Los Lagos;Río Negro;2016;13.517
Los Lagos;Río Negro;2017;13.350
Los Lagos;Río Negro;2018;13.195
Los Lagos;Río Negro;2019;13.028
Los Lagos;Río Negro;2020;12.855
Los Lagos;San Juan de la Costa;2015;7.525
Los Lagos;San Juan de la Costa;2016;7.410
Los Lagos;San Juan de la Costa;2017;7.298
Los Lagos;San Juan de la Costa;2018;7.174
Los Lagos;San Juan de la Costa;2019;7.056
Los Lagos;San Juan de la Costa;2020;6.941
Los Lagos;San Pablo;2015;10.490
Los Lagos;San Pablo;2016;10.462
Los Lagos;San Pablo;2017;10.430
Los Lagos;San Pablo;2018;10.398
Los Lagos;San Pablo;2019;10.356
Los Lagos;San Pablo;2020;10.318
Aysen del gen. Carlos Ibáñez del Campo;Aysén;2015;27.644
Aysen del gen. Carlos Ibáñez del Campo;Aysén;2016;27.965
Aysen del gen. Carlos Ibáñez del Campo;Aysén;2017;28.283
Aysen del gen. Carlos Ibáñez del Campo;Aysén;2018;28.595
Aysen del gen. Carlos Ibáñez del Campo;Aysén;2019;28.914
Aysen del gen. Carlos Ibáñez del Campo;Aysén;2020;29.212
Aysen del gen. Carlos Ibáñez del Campo;Chile Chico;2015;5.098
Aysen del gen. Carlos Ibáñez del Campo;Chile Chico;2016;5.127
Aysen del gen. Carlos Ibáñez del Campo;Chile Chico;2017;5.161
Aysen del gen. Carlos Ibáñez del Campo;Chile Chico;2018;5.176
Aysen del gen. Carlos Ibáñez del Campo;Chile Chico;2019;5.214
Aysen del gen. Carlos Ibáñez del Campo;Chile Chico;2020;5.233
Aysen del gen. Carlos Ibáñez del Campo;Cisnes;2015;5.341
Aysen del gen. Carlos Ibáñez del Campo;Cisnes;2016;5.347
Aysen del gen. Carlos Ibáñez del Campo;Cisnes;2017;5.356
Aysen del gen. Carlos Ibáñez del Campo;Cisnes;2018;5.372
Aysen del gen. Carlos Ibáñez del Campo;Cisnes;2019;5.387
Aysen del gen. Carlos Ibáñez del Campo;Cisnes;2020;5.408
Aysen del gen. Carlos Ibáñez del Campo;Cochrane;2015;3.356
Aysen del gen. Carlos Ibáñez del Campo;Cochrane;2016;3.382
Aysen del gen. Carlos Ibáñez del Campo;Cochrane;2017;3.404
Aysen del gen. Carlos Ibáñez del Campo;Cochrane;2018;3.430
Aysen del gen. Carlos Ibáñez del Campo;Cochrane;2019;3.455
Aysen del gen. Carlos Ibáñez del Campo;Cochrane;2020;3.480
Aysen del gen. Carlos Ibáñez del Campo;Coyhaique;2015;60.482
Aysen del gen. Carlos Ibáñez del Campo;Coyhaique;2016;61.081
Aysen del gen. Carlos Ibáñez del Campo;Coyhaique;2017;61.656
Aysen del gen. Carlos Ibáñez del Campo;Coyhaique;2018;62.265
Aysen del gen. Carlos Ibáñez del Campo;Coyhaique;2019;62.799
Aysen del gen. Carlos Ibáñez del Campo;Coyhaique;2020;63.343
Aysen del gen. Carlos Ibáñez del Campo;Guaitecas;2015;1.741
Aysen del gen. Carlos Ibáñez del Campo;Guaitecas;2016;1.754
Aysen del gen. Carlos Ibáñez del Campo;Guaitecas;2017;1.759
Aysen del gen. Carlos Ibáñez del Campo;Guaitecas;2018;1.763
Aysen del gen. Carlos Ibáñez del Campo;Guaitecas;2019;1.771
Aysen del gen. Carlos Ibáñez del Campo;Guaitecas;2020;1.781
Aysen del gen. Carlos Ibáñez del Campo;Lago Verde;2015;996
Aysen del gen. Carlos Ibáñez del Campo;Lago Verde;2016;982
Aysen del gen. Carlos Ibáñez del Campo;Lago Verde;2017;971
Aysen del gen. Carlos Ibáñez del Campo;Lago Verde;2018;959
Aysen del gen. Carlos Ibáñez del Campo;Lago Verde;2019;950
Aysen del gen. Carlos Ibáñez del Campo;Lago Verde;2020;941
Aysen del gen. Carlos Ibáñez del Campo;O´Higgins;2015;672
Aysen del gen. Carlos Ibáñez del Campo;O´Higgins;2016;689
Aysen del gen. Carlos Ibáñez del Campo;O´Higgins;2017;706
Aysen del gen. Carlos Ibáñez del Campo;O´Higgins;2018;722
Aysen del gen. Carlos Ibáñez del Campo;O´Higgins;2019;739
Aysen del gen. Carlos Ibáñez del Campo;O´Higgins;2020;762
Aysen del gen. Carlos Ibáñez del Campo;Río Ibáñez;2015;2.347
Aysen del gen. Carlos Ibáñez del Campo;Río Ibáñez;2016;2.331
Aysen del gen. Carlos Ibáñez del Campo;Río Ibáñez;2017;2.315
Aysen del gen. Carlos Ibáñez del Campo;Río Ibáñez;2018;2.281
Aysen del gen. Carlos Ibáñez del Campo;Río Ibáñez;2019;2.262
Aysen del gen. Carlos Ibáñez del Campo;Río Ibáñez;2020;2.240
Aysen del gen. Carlos Ibáñez del Campo;Tortel;2015;651
Aysen del gen. Carlos Ibáñez del Campo;Tortel;2016;659
Aysen del gen. Carlos Ibáñez del Campo;Tortel;2017;677
Aysen del gen. Carlos Ibáñez del Campo;Tortel;2018;681
Aysen del gen. Carlos Ibáñez del Campo;Tortel;2019;692
Aysen del gen. Carlos Ibáñez del Campo;Tortel;2020;702
Magallanes;Antártica;2015;192
Magallanes;Antártica;2016;196
Magallanes;Antártica;2017;201
Magallanes;Antártica;2018;209
Magallanes;Antártica;2019;214
Magallanes;Antártica;2020;222
Magallanes;Cabo de Hornos;2015;2.828
Magallanes;Cabo de Hornos;2016;2.869
Magallanes;Cabo de Hornos;2017;2.904
Magallanes;Cabo de Hornos;2018;2.949
Magallanes;Cabo de Hornos;2019;2.987
Magallanes;Cabo de Hornos;2020;3.035
Magallanes;Laguna Blanca;2015;581
Magallanes;Laguna Blanca;2016;569
Magallanes;Laguna Blanca;2017;563
Magallanes;Laguna Blanca;2018;560
Magallanes;Laguna Blanca;2019;555
Magallanes;Laguna Blanca;2020;550
Magallanes;Natales;2015;21.553
Magallanes;Natales;2016;21.714
Magallanes;Natales;2017;21.861
Magallanes;Natales;2018;22.005
Magallanes;Natales;2019;22.136
Magallanes;Natales;2020;22.267
Magallanes;Porvenir;2015;7.446
Magallanes;Porvenir;2016;7.619
Magallanes;Porvenir;2017;7.779
Magallanes;Porvenir;2018;7.947
Magallanes;Porvenir;2019;8.111
Magallanes;Porvenir;2020;8.273
Magallanes;Primavera;2015;531
Magallanes;Primavera;2016;520
Magallanes;Primavera;2017;514
Magallanes;Primavera;2018;505
Magallanes;Primavera;2019;500
Magallanes;Primavera;2020;495
Magallanes;Punta Arenas;2015;130.165
Magallanes;Punta Arenas;2016;130.738
Magallanes;Punta Arenas;2017;131.297
Magallanes;Punta Arenas;2018;131.783
Magallanes;Punta Arenas;2019;132.236
Magallanes;Punta Arenas;2020;132.654
Magallanes;Río Verde;2015;121
Magallanes;Río Verde;2016;109
Magallanes;Río Verde;2017;101
Magallanes;Río Verde;2018;95
Magallanes;Río Verde;2019;86
Magallanes;Río Verde;2020;79
Magallanes;San Gregorio;2015;321
Magallanes;San Gregorio;2016;298
Magallanes;San Gregorio;2017;278
Magallanes;San Gregorio;2018;266
Magallanes;San Gregorio;2019;260
Magallanes;San Gregorio;2020;252
Magallanes;Timaukel;2015;184
Magallanes;Timaukel;2016;177
Magallanes;Timaukel;2017;163
Magallanes;Timaukel;2018;157
Magallanes;Timaukel;2019;153
Magallanes;Timaukel;2020;144
Magallanes;Torres del Paine;2015;739
Magallanes;Torres del Paine;2016;738
Magallanes;Torres del Paine;2017;734
Magallanes;Torres del Paine;2018;725
Magallanes;Torres del Paine;2019;729
Magallanes;Torres del Paine;2020;722
Santiago;Alhué;2015;5.728
Santiago;Alhué;2016;5.816
Santiago;Alhué;2017;5.916
Santiago;Alhué;2018;6.002
Santiago;Alhué;2019;6.084
Santiago;Alhué;2020;6.179
Santiago;Buin;2015;83.211
Santiago;Buin;2016;84.651
Santiago;Buin;2017;86.079
Santiago;Buin;2018;87.491
Santiago;Buin;2019;88.895
Santiago;Buin;2020;90.292
Santiago;Calera de Tango;2015;24.577
Santiago;Calera de Tango;2016;25.060
Santiago;Calera de Tango;2017;25.528
Santiago;Calera de Tango;2018;26.007
Santiago;Calera de Tango;2019;26.470
Santiago;Calera de Tango;2020;26.941
Santiago;Cerrillos;2015;85.349
Santiago;Cerrillos;2016;86.240
Santiago;Cerrillos;2017;87.114
Santiago;Cerrillos;2018;87.958
Santiago;Cerrillos;2019;88.765
Santiago;Cerrillos;2020;89.544
Santiago;Cerro Navia;2015;158.299
Santiago;Cerro Navia;2016;158.506
Santiago;Cerro Navia;2017;158.641
Santiago;Cerro Navia;2018;158.723
Santiago;Cerro Navia;2019;158.729
Santiago;Cerro Navia;2020;158.670
Santiago;Colina;2015;121.233
Santiago;Colina;2016;124.958
Santiago;Colina;2017;128.760
Santiago;Colina;2018;132.607
Santiago;Colina;2019;136.512
Santiago;Colina;2020;140.475
Santiago;Conchalí;2015;141.089
Santiago;Conchalí;2016;141.185
Santiago;Conchalí;2017;141.225
Santiago;Conchalí;2018;141.206
Santiago;Conchalí;2019;141.129
Santiago;Conchalí;2020;140.988
Santiago;Curacaví;2015;29.641
Santiago;Curacaví;2016;29.980
Santiago;Curacaví;2017;30.319
Santiago;Curacaví;2018;30.651
Santiago;Curacaví;2019;30.960
Santiago;Curacaví;2020;31.274
Santiago;El Bosque;2015;193.915
Santiago;El Bosque;2016;194.555
Santiago;El Bosque;2017;195.106
Santiago;El Bosque;2018;195.555
Santiago;El Bosque;2019;195.909
Santiago;El Bosque;2020;196.166
Santiago;El Monte;2015;35.673
Santiago;El Monte;2016;36.377
Santiago;El Monte;2017;37.061
Santiago;El Monte;2018;37.754
Santiago;El Monte;2019;38.440
Santiago;El Monte;2020;39.125
Santiago;Estación Central;2015;144.982
Santiago;Estación Central;2016;145.749
Santiago;Estación Central;2017;146.477
Santiago;Estación Central;2018;147.153
Santiago;Estación Central;2019;147.798
Santiago;Estación Central;2020;148.400
Santiago;Huechuraba;2015;95.912
Santiago;Huechuraba;2016;97.470
Santiago;Huechuraba;2017;99.019
Santiago;Huechuraba;2018;100.554
Santiago;Huechuraba;2019;102.062
Santiago;Huechuraba;2020;103.549
Santiago;Independencia;2015;83.059
Santiago;Independencia;2016;84.354
Santiago;Independencia;2017;85.638
Santiago;Independencia;2018;86.929
Santiago;Independencia;2019;88.209
Santiago;Independencia;2020;89.493
Santiago;Isla de Maipo;2015;35.298
Santiago;Isla de Maipo;2016;36.024
Santiago;Isla de Maipo;2017;36.747
Santiago;Isla de Maipo;2018;37.473
Santiago;Isla de Maipo;2019;38.201
Santiago;Isla de Maipo;2020;38.916
Santiago;La Cisterna;2015;92.580
Santiago;La Cisterna;2016;92.831
Santiago;La Cisterna;2017;93.057
Santiago;La Cisterna;2018;93.231
Santiago;La Cisterna;2019;93.377
Santiago;La Cisterna;2020;93.480
Santiago;La Florida;2015;388.805
Santiago;La Florida;2016;389.392
Santiago;La Florida;2017;389.846
Santiago;La Florida;2018;390.164
Santiago;La Florida;2019;390.353
Santiago;La Florida;2020;390.403
Santiago;La Granja;2015;143.237
Santiago;La Granja;2016;143.558
Santiago;La Granja;2017;143.819
Santiago;La Granja;2018;144.025
Santiago;La Granja;2019;144.176
Santiago;La Granja;2020;144.260
Santiago;La Pintana;2015;212.656
Santiago;La Pintana;2016;213.702
Santiago;La Pintana;2017;214.663
Santiago;La Pintana;2018;215.543
Santiago;La Pintana;2019;216.330
Santiago;La Pintana;2020;217.034
Santiago;La Reina;2015;101.548
Santiago;La Reina;2016;101.614
Santiago;La Reina;2017;101.641
Santiago;La Reina;2018;101.627
Santiago;La Reina;2019;101.589
Santiago;La Reina;2020;101.518
Santiago;Lampa;2015;86.975
Santiago;Lampa;2016;91.936
Santiago;Lampa;2017;97.124
Santiago;Lampa;2018;102.571
Santiago;Lampa;2019;108.270
Santiago;Lampa;2020;114.237
Santiago;Las Condes;2015;283.417
Santiago;Las Condes;2016;285.140
Santiago;Las Condes;2017;286.735
Santiago;Las Condes;2018;288.228
Santiago;Las Condes;2019;289.616
Santiago;Las Condes;2020;290.869
Santiago;Lo Barnechea;2015;103.919
Santiago;Lo Barnechea;2016;106.187
Santiago;Lo Barnechea;2017;108.470
Santiago;Lo Barnechea;2018;110.742
Santiago;Lo Barnechea;2019;113.037
Santiago;Lo Barnechea;2020;115.313
Santiago;Lo Espejo;2015;120.014
Santiago;Lo Espejo;2016;120.145
Santiago;Lo Espejo;2017;120.218
Santiago;Lo Espejo;2018;120.247
Santiago;Lo Espejo;2019;120.230
Santiago;Lo Espejo;2020;120.148
Santiago;Lo Prado;2015;112.879
Santiago;Lo Prado;2016;113.146
Santiago;Lo Prado;2017;113.370
Santiago;Lo Prado;2018;113.539
Santiago;Lo Prado;2019;113.669
Santiago;Lo Prado;2020;113.748
Santiago;Macul;2015;124.015
Santiago;Macul;2016;124.492
Santiago;Macul;2017;124.905
Santiago;Macul;2018;125.273
Santiago;Macul;2019;125.596
Santiago;Macul;2020;125.855
Santiago;Maipú;2015;549.788
Santiago;Maipú;2016;554.548
Santiago;Maipú;2017;559.123
Santiago;Maipú;2018;563.499
Santiago;Maipú;2019;567.675
Santiago;Maipú;2020;571.632
Santiago;María Pinto;2015;12.901
Santiago;María Pinto;2016;13.066
Santiago;María Pinto;2017;13.238
Santiago;María Pinto;2018;13.406
Santiago;María Pinto;2019;13.561
Santiago;María Pinto;2020;13.728
Santiago;Melipilla;2015;116.680
Santiago;Melipilla;2016;118.142
Santiago;Melipilla;2017;119.580
Santiago;Melipilla;2018;120.972
Santiago;Melipilla;2019;122.339
Santiago;Melipilla;2020;123.669
Santiago;Ñuñoa;2015;220.779
Santiago;Ñuñoa;2016;225.109
Santiago;Ñuñoa;2017;229.434
Santiago;Ñuñoa;2018;233.739
Santiago;Ñuñoa;2019;238.014
Santiago;Ñuñoa;2020;242.287
Santiago;Padre Hurtado;2015;55.909
Santiago;Padre Hurtado;2016;57.287
Santiago;Padre Hurtado;2017;58.675
Santiago;Padre Hurtado;2018;60.088
Santiago;Padre Hurtado;2019;61.494
Santiago;Padre Hurtado;2020;62.906
Santiago;Paine;2015;66.855
Santiago;Paine;2016;68.101
Santiago;Paine;2017;69.351
Santiago;Paine;2018;70.591
Santiago;Paine;2019;71.829
Santiago;Paine;2020;73.044
Santiago;Pedro Aguirre Cerda;2015;122.304
Santiago;Pedro Aguirre Cerda;2016;122.462
Santiago;Pedro Aguirre Cerda;2017;122.579
Santiago;Pedro Aguirre Cerda;2018;122.636
Santiago;Pedro Aguirre Cerda;2019;122.641
Santiago;Pedro Aguirre Cerda;2020;122.600
Santiago;Peñaflor;2015;89.892
Santiago;Peñaflor;2016;91.635
Santiago;Peñaflor;2017;93.397
Santiago;Peñaflor;2018;95.138
Santiago;Peñaflor;2019;96.876
Santiago;Peñaflor;2020;98.603
Santiago;Peñalolén;2015;242.766
Santiago;Peñalolén;2016;243.847
Santiago;Peñalolén;2017;244.800
Santiago;Peñalolén;2018;245.621
Santiago;Peñalolén;2019;246.310
Santiago;Peñalolén;2020;246.871
Santiago;Pirque;2015;21.998
Santiago;Pirque;2016;22.403
Santiago;Pirque;2017;22.805
Santiago;Pirque;2018;23.194
Santiago;Pirque;2019;23.595
Santiago;Pirque;2020;23.979
Santiago;Providencia;2015;147.533
Santiago;Providencia;2016;149.165
Santiago;Providencia;2017;150.742
Santiago;Providencia;2018;152.268
Santiago;Providencia;2019;153.748
Santiago;Providencia;2020;155.166
Santiago;Pudahuel;2015;233.252
Santiago;Pudahuel;2016;235.629
Santiago;Pudahuel;2017;237.938
Santiago;Pudahuel;2018;240.165
Santiago;Pudahuel;2019;242.328
Santiago;Pudahuel;2020;244.395
Santiago;Puente Alto;2015;610.118
Santiago;Puente Alto;2016;617.914
Santiago;Puente Alto;2017;625.553
Santiago;Puente Alto;2018;633.021
Santiago;Puente Alto;2019;640.317
Santiago;Puente Alto;2020;647.428
Santiago;Quilicura;2015;209.417
Santiago;Quilicura;2016;216.857
Santiago;Quilicura;2017;224.468
Santiago;Quilicura;2018;232.263
Santiago;Quilicura;2019;240.200
Santiago;Quilicura;2020;248.306
Santiago;Quinta Normal;2015;114.958
Santiago;Quinta Normal;2016;115.592
Santiago;Quinta Normal;2017;116.217
Santiago;Quinta Normal;2018;116.816
Santiago;Quinta Normal;2019;117.377
Santiago;Quinta Normal;2020;117.930
Santiago;Recoleta;2015;168.342
Santiago;Recoleta;2016;169.372
Santiago;Recoleta;2017;170.326
Santiago;Recoleta;2018;171.223
Santiago;Recoleta;2019;172.058
Santiago;Recoleta;2020;172.820
Santiago;Renca;2015;151.500
Santiago;Renca;2016;152.399
Santiago;Renca;2017;153.266
Santiago;Renca;2018;154.059
Santiago;Renca;2019;154.791
Santiago;Renca;2020;155.465
Santiago;San Bernardo;2015;297.262
Santiago;San Bernardo;2016;300.435
Santiago;San Bernardo;2017;303.520
Santiago;San Bernardo;2018;306.505
Santiago;San Bernardo;2019;309.391
Santiago;San Bernardo;2020;312.169
Santiago;San Joaquín;2015;104.327
Santiago;San Joaquín;2016;104.588
Santiago;San Joaquín;2017;104.837
Santiago;San Joaquín;2018;105.054
Santiago;San Joaquín;2019;105.256
Santiago;San Joaquín;2020;105.409
Santiago;San José  de Maipo;2015;15.003
Santiago;San José  de Maipo;2016;15.083
Santiago;San José  de Maipo;2017;15.147
Santiago;San José  de Maipo;2018;15.209
Santiago;San José  de Maipo;2019;15.274
Santiago;San José  de Maipo;2020;15.329
Santiago;San Miguel;2015;110.237
Santiago;San Miguel;2016;112.686
Santiago;San Miguel;2017;115.158
Santiago;San Miguel;2018;117.619
Santiago;San Miguel;2019;120.099
Santiago;San Miguel;2020;122.562
Santiago;San Pedro;2015;9.621
Santiago;San Pedro;2016;9.765
Santiago;San Pedro;2017;9.907
Santiago;San Pedro;2018;10.051
Santiago;San Pedro;2019;10.186
Santiago;San Pedro;2020;10.323
Santiago;San Ramón;2015;99.749
Santiago;San Ramón;2016;99.860
Santiago;San Ramón;2017;99.940
Santiago;San Ramón;2018;100.002
Santiago;San Ramón;2019;100.023
Santiago;San Ramón;2020;100.025
Santiago;Santiago;2015;358.332
Santiago;Santiago;2016;372.330
Santiago;Santiago;2017;386.471
Santiago;Santiago;2018;400.869
Santiago;Santiago;2019;415.398
Santiago;Santiago;2020;430.114
Santiago;Talagante;2015;70.720
Santiago;Talagante;2016;71.378
Santiago;Talagante;2017;72.006
Santiago;Talagante;2018;72.600
Santiago;Talagante;2019;73.185
Santiago;Talagante;2020;73.748
Santiago;Tiltil;2015;17.599
Santiago;Tiltil;2016;17.773
Santiago;Tiltil;2017;17.940
Santiago;Tiltil;2018;18.104
Santiago;Tiltil;2019;18.251
Santiago;Tiltil;2020;18.409
Santiago;Vitacura;2015;88.323
Santiago;Vitacura;2016;88.548
Santiago;Vitacura;2017;88.739
Santiago;Vitacura;2018;88.892
Santiago;Vitacura;2019;89.004
Santiago;Vitacura;2020;89.085
Los Rios;Corral;2015;5.756
Los Rios;Corral;2016;5.761
Los Rios;Corral;2017;5.769
Los Rios;Corral;2018;5.771
Los Rios;Corral;2019;5.775
Los Rios;Corral;2020;5.776
Los Rios;Futrono;2015;16.489
Los Rios;Futrono;2016;16.564
Los Rios;Futrono;2017;16.636
Los Rios;Futrono;2018;16.709
Los Rios;Futrono;2019;16.779
Los Rios;Futrono;2020;16.830
Los Rios;La Unión;2015;43.291
Los Rios;La Unión;2016;43.484
Los Rios;La Unión;2017;43.671
Los Rios;La Unión;2018;43.838
Los Rios;La Unión;2019;44.002
Los Rios;La Unión;2020;44.157
Los Rios;Lago Ranco;2015;10.837
Los Rios;Lago Ranco;2016;10.854
Los Rios;Lago Ranco;2017;10.893
Los Rios;Lago Ranco;2018;10.920
Los Rios;Lago Ranco;2019;10.938
Los Rios;Lago Ranco;2020;10.947
Los Rios;Lanco;2015;17.620
Los Rios;Lanco;2016;17.777
Los Rios;Lanco;2017;17.936
Los Rios;Lanco;2018;18.091
Los Rios;Lanco;2019;18.244
Los Rios;Lanco;2020;18.396
Los Rios;Los Lagos;2015;22.593
Los Rios;Los Lagos;2016;22.727
Los Rios;Los Lagos;2017;22.864
Los Rios;Los Lagos;2018;22.988
Los Rios;Los Lagos;2019;23.112
Los Rios;Los Lagos;2020;23.229
Los Rios;Máfil;2015;7.460
Los Rios;Máfil;2016;7.461
Los Rios;Máfil;2017;7.458
Los Rios;Máfil;2018;7.456
Los Rios;Máfil;2019;7.449
Los Rios;Máfil;2020;7.445
Los Rios;Mariquina;2015;22.119
Los Rios;Mariquina;2016;22.385
Los Rios;Mariquina;2017;22.654
Los Rios;Mariquina;2018;22.920
Los Rios;Mariquina;2019;23.186
Los Rios;Mariquina;2020;23.448
Los Rios;Paillaco;2015;20.883
Los Rios;Paillaco;2016;20.956
Los Rios;Paillaco;2017;21.029
Los Rios;Paillaco;2018;21.094
Los Rios;Paillaco;2019;21.154
Los Rios;Paillaco;2020;21.217
Los Rios;Panguipulli;2015;36.408
Los Rios;Panguipulli;2016;36.527
Los Rios;Panguipulli;2017;36.650
Los Rios;Panguipulli;2018;36.753
Los Rios;Panguipulli;2019;36.853
Los Rios;Panguipulli;2020;36.923
Los Rios;Río Bueno;2015;33.115
Los Rios;Río Bueno;2016;33.069
Los Rios;Río Bueno;2017;33.010
Los Rios;Río Bueno;2018;32.931
Los Rios;Río Bueno;2019;32.861
Los Rios;Río Bueno;2020;32.781
Los Rios;Valdivia;2015;167.861
Los Rios;Valdivia;2016;169.735
Los Rios;Valdivia;2017;171.527
Los Rios;Valdivia;2018;173.341
Los Rios;Valdivia;2019;175.090
Los Rios;Valdivia;2020;176.840
Arica y Parinacota;Arica;2015;235.677
Arica y Parinacota;Arica;2016;239.710
Arica y Parinacota;Arica;2017;243.701
Arica y Parinacota;Arica;2018;247.663
Arica y Parinacota;Arica;2019;251.548
Arica y Parinacota;Arica;2020;255.390
Arica y Parinacota;Camarones;2015;778
Arica y Parinacota;Camarones;2016;778
Arica y Parinacota;Camarones;2017;783
Arica y Parinacota;Camarones;2018;781
Arica y Parinacota;Camarones;2019;791
Arica y Parinacota;Camarones;2020;791
Arica y Parinacota;General Lagos;2015;594
Arica y Parinacota;General Lagos;2016;577
Arica y Parinacota;General Lagos;2017;555
Arica y Parinacota;General Lagos;2018;530
Arica y Parinacota;General Lagos;2019;517
Arica y Parinacota;General Lagos;2020;502
Arica y Parinacota;Putre;2015;2.077
Arica y Parinacota;Putre;2016;2.084
Arica y Parinacota;Putre;2017;2.090
Arica y Parinacota;Putre;2018;2.090
Arica y Parinacota;Putre;2019;2.094
Arica y Parinacota;Putre;2020;2.095
